t,x1,y1,heading1,az1,el1,x2,y2,heading2,az2,el2,dist
0.0,8.0,8.0,-1.5707963267948966,-150.0,-80.0,-5.0,11.0,0.9708196651611225,-150.0,-80.0,13.341664064126334
1.0,8.0,8.0,-1.5707963267948966,-150.0,-40.0,-5.0,11.0,0.9708196651611225,-150.0,-40.0,13.341664064126334
2.0,8.0,8.0,-1.5707963267948966,-150.0,0.0,-5.0,11.0,0.9708196651611225,-150.0,0.0,13.341664064126334
3.0,8.0,8.0,-1.5707963267948966,-150.0,40.0,-5.0,11.0,0.9708196651611225,-150.0,40.0,13.341664064126334
4.0,8.0,8.0,-1.5707963267948966,-150.0,80.0,-5.0,11.0,0.9708196651611225,-150.0,80.0,13.341664064126334
5.0,8.0,8.0,-1.5707963267948966,-75.0,-80.0,-5.0,11.0,0.9708196651611225,-75.0,-80.0,13.341664064126334
6.0,8.0,8.0,-1.5707963267948966,-75.0,-40.0,-5.0,11.0,0.9708196651611225,-75.0,-40.0,13.341664064126334
7.0,8.0,8.0,-1.5707963267948966,-75.0,0.0,-5.0,11.0,0.9708196651611225,-75.0,0.0,13.341664064126334
8.0,8.0,8.0,-1.5707963267948966,-75.0,40.0,-5.0,11.0,0.9708196651611225,-75.0,40.0,13.341664064126334
9.0,8.0,8.0,-1.5707963267948966,-75.0,80.0,-5.0,11.0,0.9708196651611225,-75.0,80.0,13.341664064126334
10.0,8.0,8.0,-1.5707963267948966,0.0,-80.0,-5.0,11.0,0.9708196651611225,0.0,-80.0,13.341664064126334
11.0,8.0,8.0,-1.5707963267948966,0.0,-40.0,-5.0,11.0,0.9708196651611225,0.0,-40.0,13.341664064126334
12.0,8.0,8.0,-1.5707963267948966,0.0,0.0,-5.0,11.0,0.9708196651611225,0.0,0.0,13.341664064126334
13.0,8.0,8.0,-1.5707963267948966,0.0,40.0,-5.0,11.0,0.9708196651611225,0.0,40.0,13.341664064126334
14.0,8.0,8.0,-1.5707963267948966,0.0,80.0,-5.0,11.0,0.9708196651611225,0.0,80.0,13.341664064126334
15.0,8.0,8.0,-1.5707963267948966,75.0,-80.0,-5.0,11.0,0.9708196651611225,75.0,-80.0,13.341664064126334
16.0,8.0,8.0,-1.5707963267948966,75.0,-40.0,-5.0,11.0,0.9708196651611225,75.0,-40.0,13.341664064126334
17.0,8.0,8.0,-1.5707963267948966,75.0,0.0,-5.0,11.0,0.9708196651611225,75.0,0.0,13.341664064126334
18.0,8.0,8.0,-1.5707963267948966,75.0,40.0,-5.0,11.0,0.9708196651611225,75.0,40.0,13.341664064126334
19.0,8.0,8.0,-1.5707963267948966,75.0,80.0,-5.0,11.0,0.9708196651611225,75.0,80.0,13.341664064126334
20.0,8.0,8.0,-1.5707963267948966,150.0,-80.0,-5.0,11.0,0.9708196651611225,150.0,-80.0,13.341664064126334
21.0,8.0,8.0,-1.5707963267948966,150.0,-40.0,-5.0,11.0,0.9708196651611225,150.0,-40.0,13.341664064126334
22.0,8.0,8.0,-1.5707963267948966,150.0,0.0,-5.0,11.0,0.9708196651611225,150.0,0.0,13.341664064126334
23.0,8.0,8.0,-1.5707963267948966,150.0,40.0,-5.0,11.0,0.9708196651611225,150.0,40.0,13.341664064126334
24.0,8.0,8.0,-1.5707963267948966,150.0,80.0,-5.0,11.0,0.9708196651611225,150.0,80.0,13.341664064126334
25.0,8.0,6.0,-1.5707963267948966,-150.0,-80.0,-4.2181685175319705,12.142857142857142,1.4034177379222834,-150.0,-80.0,13.675464738002889
26.0,8.0,6.0,-1.5707963267948966,-150.0,-40.0,-4.2181685175319705,12.142857142857142,1.4034177379222834,-150.0,-40.0,13.675464738002889
27.0,8.0,6.0,-1.5707963267948966,-150.0,0.0,-4.2181685175319705,12.142857142857142,1.4034177379222834,-150.0,0.0,13.675464738002889
28.0,8.0,6.0,-1.5707963267948966,-150.0,40.0,-4.2181685175319705,12.142857142857142,1.4034177379222834,-150.0,40.0,13.675464738002889
29.0,8.0,6.0,-1.5707963267948966,-150.0,80.0,-4.2181685175319705,12.142857142857142,1.4034177379222834,-150.0,80.0,13.675464738002889
30.0,8.0,6.0,-1.5707963267948966,-75.0,-80.0,-4.2181685175319705,12.142857142857142,1.4034177379222834,-75.0,-80.0,13.675464738002889
31.0,8.0,6.0,-1.5707963267948966,-75.0,-40.0,-4.2181685175319705,12.142857142857142,1.4034177379222834,-75.0,-40.0,13.675464738002889
32.0,8.0,6.0,-1.5707963267948966,-75.0,0.0,-4.2181685175319705,12.142857142857142,1.4034177379222834,-75.0,0.0,13.675464738002889
33.0,8.0,6.0,-1.5707963267948966,-75.0,40.0,-4.2181685175319705,12.142857142857142,1.4034177379222834,-75.0,40.0,13.675464738002889
34.0,8.0,6.0,-1.5707963267948966,-75.0,80.0,-4.2181685175319705,12.142857142857142,1.4034177379222834,-75.0,80.0,13.675464738002889
35.0,8.0,6.0,-1.5707963267948966,0.0,-80.0,-4.2181685175319705,12.142857142857142,1.4034177379222834,0.0,-80.0,13.675464738002889
36.0,8.0,6.0,-1.5707963267948966,0.0,-40.0,-4.2181685175319705,12.142857142857142,1.4034177379222834,0.0,-40.0,13.675464738002889
37.0,8.0,6.0,-1.5707963267948966,0.0,0.0,-4.2181685175319705,12.142857142857142,1.4034177379222834,0.0,0.0,13.675464738002889
38.0,8.0,6.0,-1.5707963267948966,0.0,40.0,-4.2181685175319705,12.142857142857142,1.4034177379222834,0.0,40.0,13.675464738002889
39.0,8.0,6.0,-1.5707963267948966,0.0,80.0,-4.2181685175319705,12.142857142857142,1.4034177379222834,0.0,80.0,13.675464738002889
40.0,8.0,6.0,-1.5707963267948966,75.0,-80.0,-4.2181685175319705,12.142857142857142,1.4034177379222834,75.0,-80.0,13.675464738002889
41.0,8.0,6.0,-1.5707963267948966,75.0,-40.0,-4.2181685175319705,12.142857142857142,1.4034177379222834,75.0,-40.0,13.675464738002889
42.0,8.0,6.0,-1.5707963267948966,75.0,0.0,-4.2181685175319705,12.142857142857142,1.4034177379222834,75.0,0.0,13.675464738002889
43.0,8.0,6.0,-1.5707963267948966,75.0,40.0,-4.2181685175319705,12.142857142857142,1.4034177379222834,75.0,40.0,13.675464738002889
44.0,8.0,6.0,-1.5707963267948966,75.0,80.0,-4.2181685175319705,12.142857142857142,1.4034177379222834,75.0,80.0,13.675464738002889
45.0,8.0,6.0,-1.5707963267948966,150.0,-80.0,-4.2181685175319705,12.142857142857142,1.4034177379222834,150.0,-80.0,13.675464738002889
46.0,8.0,6.0,-1.5707963267948966,150.0,-40.0,-4.2181685175319705,12.142857142857142,1.4034177379222834,150.0,-40.0,13.675464738002889
47.0,8.0,6.0,-1.5707963267948966,150.0,0.0,-4.2181685175319705,12.142857142857142,1.4034177379222834,150.0,0.0,13.675464738002889
48.0,8.0,6.0,-1.5707963267948966,150.0,40.0,-4.2181685175319705,12.142857142857142,1.4034177379222834,150.0,40.0,13.675464738002889
49.0,8.0,6.0,-1.5707963267948966,150.0,80.0,-4.2181685175319705,12.142857142857142,1.4034177379222834,150.0,80.0,13.675464738002889
50.0,8.0,4.0,-1.5707963267948966,-150.0,-80.0,-4.0250720878181765,13.285714285714285,2.012949549643949,-150.0,-80.0,15.192986820014758
51.0,8.0,4.0,-1.5707963267948966,-150.0,-40.0,-4.0250720878181765,13.285714285714285,2.012949549643949,-150.0,-40.0,15.192986820014758
52.0,8.0,4.0,-1.5707963267948966,-150.0,0.0,-4.0250720878181765,13.285714285714285,2.012949549643949,-150.0,0.0,15.192986820014758
53.0,8.0,4.0,-1.5707963267948966,-150.0,40.0,-4.0250720878181765,13.285714285714285,2.012949549643949,-150.0,40.0,15.192986820014758
54.0,8.0,4.0,-1.5707963267948966,-150.0,80.0,-4.0250720878181765,13.285714285714285,2.012949549643949,-150.0,80.0,15.192986820014758
55.0,8.0,4.0,-1.5707963267948966,-75.0,-80.0,-4.0250720878181765,13.285714285714285,2.012949549643949,-75.0,-80.0,15.192986820014758
56.0,8.0,4.0,-1.5707963267948966,-75.0,-40.0,-4.0250720878181765,13.285714285714285,2.012949549643949,-75.0,-40.0,15.192986820014758
57.0,8.0,4.0,-1.5707963267948966,-75.0,0.0,-4.0250720878181765,13.285714285714285,2.012949549643949,-75.0,0.0,15.192986820014758
58.0,8.0,4.0,-1.5707963267948966,-75.0,40.0,-4.0250720878181765,13.285714285714285,2.012949549643949,-75.0,40.0,15.192986820014758
59.0,8.0,4.0,-1.5707963267948966,-75.0,80.0,-4.0250720878181765,13.285714285714285,2.012949549643949,-75.0,80.0,15.192986820014758
60.0,8.0,4.0,-1.5707963267948966,0.0,-80.0,-4.0250720878181765,13.285714285714285,2.012949549643949,0.0,-80.0,15.192986820014758
61.0,8.0,4.0,-1.5707963267948966,0.0,-40.0,-4.0250720878181765,13.285714285714285,2.012949549643949,0.0,-40.0,15.192986820014758
62.0,8.0,4.0,-1.5707963267948966,0.0,0.0,-4.0250720878181765,13.285714285714285,2.012949549643949,0.0,0.0,15.192986820014758
63.0,8.0,4.0,-1.5707963267948966,0.0,40.0,-4.0250720878181765,13.285714285714285,2.012949549643949,0.0,40.0,15.192986820014758
64.0,8.0,4.0,-1.5707963267948966,0.0,80.0,-4.0250720878181765,13.285714285714285,2.012949549643949,0.0,80.0,15.192986820014758
65.0,8.0,4.0,-1.5707963267948966,75.0,-80.0,-4.0250720878181765,13.285714285714285,2.012949549643949,75.0,-80.0,15.192986820014758
66.0,8.0,4.0,-1.5707963267948966,75.0,-40.0,-4.0250720878181765,13.285714285714285,2.012949549643949,75.0,-40.0,15.192986820014758
67.0,8.0,4.0,-1.5707963267948966,75.0,0.0,-4.0250720878181765,13.285714285714285,2.012949549643949,75.0,0.0,15.192986820014758
68.0,8.0,4.0,-1.5707963267948966,75.0,40.0,-4.0250720878181765,13.285714285714285,2.012949549643949,75.0,40.0,15.192986820014758
69.0,8.0,4.0,-1.5707963267948966,75.0,80.0,-4.0250720878181765,13.285714285714285,2.012949549643949,75.0,80.0,15.192986820014758
70.0,8.0,4.0,-1.5707963267948966,150.0,-80.0,-4.0250720878181765,13.285714285714285,2.012949549643949,150.0,-80.0,15.192986820014758
71.0,8.0,4.0,-1.5707963267948966,150.0,-40.0,-4.0250720878181765,13.285714285714285,2.012949549643949,150.0,-40.0,15.192986820014758
72.0,8.0,4.0,-1.5707963267948966,150.0,0.0,-4.0250720878181765,13.285714285714285,2.012949549643949,150.0,0.0,15.192986820014758
73.0,8.0,4.0,-1.5707963267948966,150.0,40.0,-4.0250720878181765,13.285714285714285,2.012949549643949,150.0,40.0,15.192986820014758
74.0,8.0,4.0,-1.5707963267948966,150.0,80.0,-4.0250720878181765,13.285714285714285,2.012949549643949,150.0,80.0,15.192986820014758
75.0,8.0,2.0,-1.5707963267948966,-150.0,-80.0,-4.566116260882441,14.428571428571429,2.2202207220928862,-150.0,-80.0,17.67418076282791
76.0,8.0,2.0,-1.5707963267948966,-150.0,-40.0,-4.566116260882441,14.428571428571429,2.2202207220928862,-150.0,-40.0,17.67418076282791
77.0,8.0,2.0,-1.5707963267948966,-150.0,0.0,-4.566116260882441,14.428571428571429,2.2202207220928862,-150.0,0.0,17.67418076282791
78.0,8.0,2.0,-1.5707963267948966,-150.0,40.0,-4.566116260882441,14.428571428571429,2.2202207220928862,-150.0,40.0,17.67418076282791
79.0,8.0,2.0,-1.5707963267948966,-150.0,80.0,-4.566116260882441,14.428571428571429,2.2202207220928862,-150.0,80.0,17.67418076282791
80.0,8.0,2.0,-1.5707963267948966,-75.0,-80.0,-4.566116260882441,14.428571428571429,2.2202207220928862,-75.0,-80.0,17.67418076282791
81.0,8.0,2.0,-1.5707963267948966,-75.0,-40.0,-4.566116260882441,14.428571428571429,2.2202207220928862,-75.0,-40.0,17.67418076282791
82.0,8.0,2.0,-1.5707963267948966,-75.0,0.0,-4.566116260882441,14.428571428571429,2.2202207220928862,-75.0,0.0,17.67418076282791
83.0,8.0,2.0,-1.5707963267948966,-75.0,40.0,-4.566116260882441,14.428571428571429,2.2202207220928862,-75.0,40.0,17.67418076282791
84.0,8.0,2.0,-1.5707963267948966,-75.0,80.0,-4.566116260882441,14.428571428571429,2.2202207220928862,-75.0,80.0,17.67418076282791
85.0,8.0,2.0,-1.5707963267948966,0.0,-80.0,-4.566116260882441,14.428571428571429,2.2202207220928862,0.0,-80.0,17.67418076282791
86.0,8.0,2.0,-1.5707963267948966,0.0,-40.0,-4.566116260882441,14.428571428571429,2.2202207220928862,0.0,-40.0,17.67418076282791
87.0,8.0,2.0,-1.5707963267948966,0.0,0.0,-4.566116260882441,14.428571428571429,2.2202207220928862,0.0,0.0,17.67418076282791
88.0,8.0,2.0,-1.5707963267948966,0.0,40.0,-4.566116260882441,14.428571428571429,2.2202207220928862,0.0,40.0,17.67418076282791
89.0,8.0,2.0,-1.5707963267948966,0.0,80.0,-4.566116260882441,14.428571428571429,2.2202207220928862,0.0,80.0,17.67418076282791
90.0,8.0,2.0,-1.5707963267948966,75.0,-80.0,-4.566116260882441,14.428571428571429,2.2202207220928862,75.0,-80.0,17.67418076282791
91.0,8.0,2.0,-1.5707963267948966,75.0,-40.0,-4.566116260882441,14.428571428571429,2.2202207220928862,75.0,-40.0,17.67418076282791
92.0,8.0,2.0,-1.5707963267948966,75.0,0.0,-4.566116260882441,14.428571428571429,2.2202207220928862,75.0,0.0,17.67418076282791
93.0,8.0,2.0,-1.5707963267948966,75.0,40.0,-4.566116260882441,14.428571428571429,2.2202207220928862,75.0,40.0,17.67418076282791
94.0,8.0,2.0,-1.5707963267948966,75.0,80.0,-4.566116260882441,14.428571428571429,2.2202207220928862,75.0,80.0,17.67418076282791
95.0,8.0,2.0,-1.5707963267948966,150.0,-80.0,-4.566116260882441,14.428571428571429,2.2202207220928862,150.0,-80.0,17.67418076282791
96.0,8.0,2.0,-1.5707963267948966,150.0,-40.0,-4.566116260882441,14.428571428571429,2.2202207220928862,150.0,-40.0,17.67418076282791
97.0,8.0,2.0,-1.5707963267948966,150.0,0.0,-4.566116260882441,14.428571428571429,2.2202207220928862,150.0,0.0,17.67418076282791
98.0,8.0,2.0,-1.5707963267948966,150.0,40.0,-4.566116260882441,14.428571428571429,2.2202207220928862,150.0,40.0,17.67418076282791
99.0,8.0,2.0,-1.5707963267948966,150.0,80.0,-4.566116260882441,14.428571428571429,2.2202207220928862,150.0,80.0,17.67418076282791
100.0,8.0,0.0,3.141592653589793,-150.0,-80.0,-5.433883739117557,15.571428571428571,2.012949549643949,-150.0,-80.0,20.565471549936053
101.0,8.0,0.0,3.141592653589793,-150.0,-40.0,-5.433883739117557,15.571428571428571,2.012949549643949,-150.0,-40.0,20.565471549936053
102.0,8.0,0.0,3.141592653589793,-150.0,0.0,-5.433883739117557,15.571428571428571,2.012949549643949,-150.0,0.0,20.565471549936053
103.0,8.0,0.0,3.141592653589793,-150.0,40.0,-5.433883739117557,15.571428571428571,2.012949549643949,-150.0,40.0,20.565471549936053
104.0,8.0,0.0,3.141592653589793,-150.0,80.0,-5.433883739117557,15.571428571428571,2.012949549643949,-150.0,80.0,20.565471549936053
105.0,8.0,0.0,3.141592653589793,-75.0,-80.0,-5.433883739117557,15.571428571428571,2.012949549643949,-75.0,-80.0,20.565471549936053
106.0,8.0,0.0,3.141592653589793,-75.0,-40.0,-5.433883739117557,15.571428571428571,2.012949549643949,-75.0,-40.0,20.565471549936053
107.0,8.0,0.0,3.141592653589793,-75.0,0.0,-5.433883739117557,15.571428571428571,2.012949549643949,-75.0,0.0,20.565471549936053
108.0,8.0,0.0,3.141592653589793,-75.0,40.0,-5.433883739117557,15.571428571428571,2.012949549643949,-75.0,40.0,20.565471549936053
109.0,8.0,0.0,3.141592653589793,-75.0,80.0,-5.433883739117557,15.571428571428571,2.012949549643949,-75.0,80.0,20.565471549936053
110.0,8.0,0.0,3.141592653589793,0.0,-80.0,-5.433883739117557,15.571428571428571,2.012949549643949,0.0,-80.0,20.565471549936053
111.0,8.0,0.0,3.141592653589793,0.0,-40.0,-5.433883739117557,15.571428571428571,2.012949549643949,0.0,-40.0,20.565471549936053
112.0,8.0,0.0,3.141592653589793,0.0,0.0,-5.433883739117557,15.571428571428571,2.012949549643949,0.0,0.0,20.565471549936053
113.0,8.0,0.0,3.141592653589793,0.0,40.0,-5.433883739117557,15.571428571428571,2.012949549643949,0.0,40.0,20.565471549936053
114.0,8.0,0.0,3.141592653589793,0.0,80.0,-5.433883739117557,15.571428571428571,2.012949549643949,0.0,80.0,20.565471549936053
115.0,8.0,0.0,3.141592653589793,75.0,-80.0,-5.433883739117557,15.571428571428571,2.012949549643949,75.0,-80.0,20.565471549936053
116.0,8.0,0.0,3.141592653589793,75.0,-40.0,-5.433883739117557,15.571428571428571,2.012949549643949,75.0,-40.0,20.565471549936053
117.0,8.0,0.0,3.141592653589793,75.0,0.0,-5.433883739117557,15.571428571428571,2.012949549643949,75.0,0.0,20.565471549936053
118.0,8.0,0.0,3.141592653589793,75.0,40.0,-5.433883739117557,15.571428571428571,2.012949549643949,75.0,40.0,20.565471549936053
119.0,8.0,0.0,3.141592653589793,75.0,80.0,-5.433883739117557,15.571428571428571,2.012949549643949,75.0,80.0,20.565471549936053
120.0,8.0,0.0,3.141592653589793,150.0,-80.0,-5.433883739117557,15.571428571428571,2.012949549643949,150.0,-80.0,20.565471549936053
121.0,8.0,0.0,3.141592653589793,150.0,-40.0,-5.433883739117557,15.571428571428571,2.012949549643949,150.0,-40.0,20.565471549936053
122.0,8.0,0.0,3.141592653589793,150.0,0.0,-5.433883739117557,15.571428571428571,2.012949549643949,150.0,0.0,20.565471549936053
123.0,8.0,0.0,3.141592653589793,150.0,40.0,-5.433883739117557,15.571428571428571,2.012949549643949,150.0,40.0,20.565471549936053
124.0,8.0,0.0,3.141592653589793,150.0,80.0,-5.433883739117557,15.571428571428571,2.012949549643949,150.0,80.0,20.565471549936053
125.0,6.0,0.0,1.5707963267948966,-150.0,-80.0,-5.974927912181822,16.714285714285715,1.4034177379222856,-150.0,-80.0,20.561280248095613
126.0,6.0,0.0,1.5707963267948966,-150.0,-40.0,-5.974927912181822,16.714285714285715,1.4034177379222856,-150.0,-40.0,20.561280248095613
127.0,6.0,0.0,1.5707963267948966,-150.0,0.0,-5.974927912181822,16.714285714285715,1.4034177379222856,-150.0,0.0,20.561280248095613
128.0,6.0,0.0,1.5707963267948966,-150.0,40.0,-5.974927912181822,16.714285714285715,1.4034177379222856,-150.0,40.0,20.561280248095613
129.0,6.0,0.0,1.5707963267948966,-150.0,80.0,-5.974927912181822,16.714285714285715,1.4034177379222856,-150.0,80.0,20.561280248095613
130.0,6.0,0.0,1.5707963267948966,-75.0,-80.0,-5.974927912181822,16.714285714285715,1.4034177379222856,-75.0,-80.0,20.561280248095613
131.0,6.0,0.0,1.5707963267948966,-75.0,-40.0,-5.974927912181822,16.714285714285715,1.4034177379222856,-75.0,-40.0,20.561280248095613
132.0,6.0,0.0,1.5707963267948966,-75.0,0.0,-5.974927912181822,16.714285714285715,1.4034177379222856,-75.0,0.0,20.561280248095613
133.0,6.0,0.0,1.5707963267948966,-75.0,40.0,-5.974927912181822,16.714285714285715,1.4034177379222856,-75.0,40.0,20.561280248095613
134.0,6.0,0.0,1.5707963267948966,-75.0,80.0,-5.974927912181822,16.714285714285715,1.4034177379222856,-75.0,80.0,20.561280248095613
135.0,6.0,0.0,1.5707963267948966,0.0,-80.0,-5.974927912181822,16.714285714285715,1.4034177379222856,0.0,-80.0,20.561280248095613
136.0,6.0,0.0,1.5707963267948966,0.0,-40.0,-5.974927912181822,16.714285714285715,1.4034177379222856,0.0,-40.0,20.561280248095613
137.0,6.0,0.0,1.5707963267948966,0.0,0.0,-5.974927912181822,16.714285714285715,1.4034177379222856,0.0,0.0,20.561280248095613
138.0,6.0,0.0,1.5707963267948966,0.0,40.0,-5.974927912181822,16.714285714285715,1.4034177379222856,0.0,40.0,20.561280248095613
139.0,6.0,0.0,1.5707963267948966,0.0,80.0,-5.974927912181822,16.714285714285715,1.4034177379222856,0.0,80.0,20.561280248095613
140.0,6.0,0.0,1.5707963267948966,75.0,-80.0,-5.974927912181822,16.714285714285715,1.4034177379222856,75.0,-80.0,20.561280248095613
141.0,6.0,0.0,1.5707963267948966,75.0,-40.0,-5.974927912181822,16.714285714285715,1.4034177379222856,75.0,-40.0,20.561280248095613
142.0,6.0,0.0,1.5707963267948966,75.0,0.0,-5.974927912181822,16.714285714285715,1.4034177379222856,75.0,0.0,20.561280248095613
143.0,6.0,0.0,1.5707963267948966,75.0,40.0,-5.974927912181822,16.714285714285715,1.4034177379222856,75.0,40.0,20.561280248095613
144.0,6.0,0.0,1.5707963267948966,75.0,80.0,-5.974927912181822,16.714285714285715,1.4034177379222856,75.0,80.0,20.561280248095613
145.0,6.0,0.0,1.5707963267948966,150.0,-80.0,-5.974927912181822,16.714285714285715,1.4034177379222856,150.0,-80.0,20.561280248095613
146.0,6.0,0.0,1.5707963267948966,150.0,-40.0,-5.974927912181822,16.714285714285715,1.4034177379222856,150.0,-40.0,20.561280248095613
147.0,6.0,0.0,1.5707963267948966,150.0,0.0,-5.974927912181822,16.714285714285715,1.4034177379222856,150.0,0.0,20.561280248095613
148.0,6.0,0.0,1.5707963267948966,150.0,40.0,-5.974927912181822,16.714285714285715,1.4034177379222856,150.0,40.0,20.561280248095613
149.0,6.0,0.0,1.5707963267948966,150.0,80.0,-5.974927912181822,16.714285714285715,1.4034177379222856,150.0,80.0,20.561280248095613
150.0,6.0,2.0,1.5707963267948966,-150.0,-80.0,-5.78183148246803,17.857142857142858,0.970819665161123,-150.0,-80.0,19.755012849226688
151.0,6.0,2.0,1.5707963267948966,-150.0,-40.0,-5.78183148246803,17.857142857142858,0.970819665161123,-150.0,-40.0,19.755012849226688
152.0,6.0,2.0,1.5707963267948966,-150.0,0.0,-5.78183148246803,17.857142857142858,0.970819665161123,-150.0,0.0,19.755012849226688
153.0,6.0,2.0,1.5707963267948966,-150.0,40.0,-5.78183148246803,17.857142857142858,0.970819665161123,-150.0,40.0,19.755012849226688
154.0,6.0,2.0,1.5707963267948966,-150.0,80.0,-5.78183148246803,17.857142857142858,0.970819665161123,-150.0,80.0,19.755012849226688
155.0,6.0,2.0,1.5707963267948966,-75.0,-80.0,-5.78183148246803,17.857142857142858,0.970819665161123,-75.0,-80.0,19.755012849226688
156.0,6.0,2.0,1.5707963267948966,-75.0,-40.0,-5.78183148246803,17.857142857142858,0.970819665161123,-75.0,-40.0,19.755012849226688
157.0,6.0,2.0,1.5707963267948966,-75.0,0.0,-5.78183148246803,17.857142857142858,0.970819665161123,-75.0,0.0,19.755012849226688
158.0,6.0,2.0,1.5707963267948966,-75.0,40.0,-5.78183148246803,17.857142857142858,0.970819665161123,-75.0,40.0,19.755012849226688
159.0,6.0,2.0,1.5707963267948966,-75.0,80.0,-5.78183148246803,17.857142857142858,0.970819665161123,-75.0,80.0,19.755012849226688
160.0,6.0,2.0,1.5707963267948966,0.0,-80.0,-5.78183148246803,17.857142857142858,0.970819665161123,0.0,-80.0,19.755012849226688
161.0,6.0,2.0,1.5707963267948966,0.0,-40.0,-5.78183148246803,17.857142857142858,0.970819665161123,0.0,-40.0,19.755012849226688
162.0,6.0,2.0,1.5707963267948966,0.0,0.0,-5.78183148246803,17.857142857142858,0.970819665161123,0.0,0.0,19.755012849226688
163.0,6.0,2.0,1.5707963267948966,0.0,40.0,-5.78183148246803,17.857142857142858,0.970819665161123,0.0,40.0,19.755012849226688
164.0,6.0,2.0,1.5707963267948966,0.0,80.0,-5.78183148246803,17.857142857142858,0.970819665161123,0.0,80.0,19.755012849226688
165.0,6.0,2.0,1.5707963267948966,75.0,-80.0,-5.78183148246803,17.857142857142858,0.970819665161123,75.0,-80.0,19.755012849226688
166.0,6.0,2.0,1.5707963267948966,75.0,-40.0,-5.78183148246803,17.857142857142858,0.970819665161123,75.0,-40.0,19.755012849226688
167.0,6.0,2.0,1.5707963267948966,75.0,0.0,-5.78183148246803,17.857142857142858,0.970819665161123,75.0,0.0,19.755012849226688
168.0,6.0,2.0,1.5707963267948966,75.0,40.0,-5.78183148246803,17.857142857142858,0.970819665161123,75.0,40.0,19.755012849226688
169.0,6.0,2.0,1.5707963267948966,75.0,80.0,-5.78183148246803,17.857142857142858,0.970819665161123,75.0,80.0,19.755012849226688
170.0,6.0,2.0,1.5707963267948966,150.0,-80.0,-5.78183148246803,17.857142857142858,0.970819665161123,150.0,-80.0,19.755012849226688
171.0,6.0,2.0,1.5707963267948966,150.0,-40.0,-5.78183148246803,17.857142857142858,0.970819665161123,150.0,-40.0,19.755012849226688
172.0,6.0,2.0,1.5707963267948966,150.0,0.0,-5.78183148246803,17.857142857142858,0.970819665161123,150.0,0.0,19.755012849226688
173.0,6.0,2.0,1.5707963267948966,150.0,40.0,-5.78183148246803,17.857142857142858,0.970819665161123,150.0,40.0,19.755012849226688
174.0,6.0,2.0,1.5707963267948966,150.0,80.0,-5.78183148246803,17.857142857142858,0.970819665161123,150.0,80.0,19.755012849226688
175.0,6.0,4.0,1.5707963267948966,-150.0,-80.0,-5.000000000000002,19.0,0.0,-150.0,-80.0,18.601075237738275
176.0,6.0,4.0,1.5707963267948966,-150.0,-40.0,-5.000000000000002,19.0,0.0,-150.0,-40.0,18.601075237738275
177.0,6.0,4.0,1.5707963267948966,-150.0,0.0,-5.000000000000002,19.0,0.0,-150.0,0.0,18.601075237738275
178.0,6.0,4.0,1.5707963267948966,-150.0,40.0,-5.000000000000002,19.0,0.0,-150.0,40.0,18.601075237738275
179.0,6.0,4.0,1.5707963267948966,-150.0,80.0,-5.000000000000002,19.0,0.0,-150.0,80.0,18.601075237738275
180.0,6.0,4.0,1.5707963267948966,-75.0,-80.0,-5.000000000000002,19.0,0.0,-75.0,-80.0,18.601075237738275
181.0,6.0,4.0,1.5707963267948966,-75.0,-40.0,-5.000000000000002,19.0,0.0,-75.0,-40.0,18.601075237738275
182.0,6.0,4.0,1.5707963267948966,-75.0,0.0,-5.000000000000002,19.0,0.0,-75.0,0.0,18.601075237738275
183.0,6.0,4.0,1.5707963267948966,-75.0,40.0,-5.000000000000002,19.0,0.0,-75.0,40.0,18.601075237738275
184.0,6.0,4.0,1.5707963267948966,-75.0,80.0,-5.000000000000002,19.0,0.0,-75.0,80.0,18.601075237738275
185.0,6.0,4.0,1.5707963267948966,0.0,-80.0,-5.000000000000002,19.0,0.0,0.0,-80.0,18.601075237738275
186.0,6.0,4.0,1.5707963267948966,0.0,-40.0,-5.000000000000002,19.0,0.0,0.0,-40.0,18.601075237738275
187.0,6.0,4.0,1.5707963267948966,0.0,0.0,-5.000000000000002,19.0,0.0,0.0,0.0,18.601075237738275
188.0,6.0,4.0,1.5707963267948966,0.0,40.0,-5.000000000000002,19.0,0.0,0.0,40.0,18.601075237738275
189.0,6.0,4.0,1.5707963267948966,0.0,80.0,-5.000000000000002,19.0,0.0,0.0,80.0,18.601075237738275
190.0,6.0,4.0,1.5707963267948966,75.0,-80.0,-5.000000000000002,19.0,0.0,75.0,-80.0,18.601075237738275
191.0,6.0,4.0,1.5707963267948966,75.0,-40.0,-5.000000000000002,19.0,0.0,75.0,-40.0,18.601075237738275
192.0,6.0,4.0,1.5707963267948966,75.0,0.0,-5.000000000000002,19.0,0.0,75.0,0.0,18.601075237738275
193.0,6.0,4.0,1.5707963267948966,75.0,40.0,-5.000000000000002,19.0,0.0,75.0,40.0,18.601075237738275
194.0,6.0,4.0,1.5707963267948966,75.0,80.0,-5.000000000000002,19.0,0.0,75.0,80.0,18.601075237738275
195.0,6.0,4.0,1.5707963267948966,150.0,-80.0,-5.000000000000002,19.0,0.0,150.0,-80.0,18.601075237738275
196.0,6.0,4.0,1.5707963267948966,150.0,-40.0,-5.000000000000002,19.0,0.0,150.0,-40.0,18.601075237738275
197.0,6.0,4.0,1.5707963267948966,150.0,0.0,-5.000000000000002,19.0,0.0,150.0,0.0,18.601075237738275
198.0,6.0,4.0,1.5707963267948966,150.0,40.0,-5.000000000000002,19.0,0.0,150.0,40.0,18.601075237738275
199.0,6.0,4.0,1.5707963267948966,150.0,80.0,-5.000000000000002,19.0,0.0,150.0,80.0,18.601075237738275
200.0,6.0,6.0,1.5707963267948966,-150.0,-80.0,0.9999999999999982,19.0,-2.1707729884286704,-150.0,-80.0,13.928388277184121
201.0,6.0,6.0,1.5707963267948966,-150.0,-40.0,0.9999999999999982,19.0,-2.1707729884286704,-150.0,-40.0,13.928388277184121
202.0,6.0,6.0,1.5707963267948966,-150.0,0.0,0.9999999999999982,19.0,-2.1707729884286704,-150.0,0.0,13.928388277184121
203.0,6.0,6.0,1.5707963267948966,-150.0,40.0,0.9999999999999982,19.0,-2.1707729884286704,-150.0,40.0,13.928388277184121
204.0,6.0,6.0,1.5707963267948966,-150.0,80.0,0.9999999999999982,19.0,-2.1707729884286704,-150.0,80.0,13.928388277184121
205.0,6.0,6.0,1.5707963267948966,-75.0,-80.0,0.9999999999999982,19.0,-2.1707729884286704,-75.0,-80.0,13.928388277184121
206.0,6.0,6.0,1.5707963267948966,-75.0,-40.0,0.9999999999999982,19.0,-2.1707729884286704,-75.0,-40.0,13.928388277184121
207.0,6.0,6.0,1.5707963267948966,-75.0,0.0,0.9999999999999982,19.0,-2.1707729884286704,-75.0,0.0,13.928388277184121
208.0,6.0,6.0,1.5707963267948966,-75.0,40.0,0.9999999999999982,19.0,-2.1707729884286704,-75.0,40.0,13.928388277184121
209.0,6.0,6.0,1.5707963267948966,-75.0,80.0,0.9999999999999982,19.0,-2.1707729884286704,-75.0,80.0,13.928388277184121
210.0,6.0,6.0,1.5707963267948966,0.0,-80.0,0.9999999999999982,19.0,-2.1707729884286704,0.0,-80.0,13.928388277184121
211.0,6.0,6.0,1.5707963267948966,0.0,-40.0,0.9999999999999982,19.0,-2.1707729884286704,0.0,-40.0,13.928388277184121
212.0,6.0,6.0,1.5707963267948966,0.0,0.0,0.9999999999999982,19.0,-2.1707729884286704,0.0,0.0,13.928388277184121
213.0,6.0,6.0,1.5707963267948966,0.0,40.0,0.9999999999999982,19.0,-2.1707729884286704,0.0,40.0,13.928388277184121
214.0,6.0,6.0,1.5707963267948966,0.0,80.0,0.9999999999999982,19.0,-2.1707729884286704,0.0,80.0,13.928388277184121
215.0,6.0,6.0,1.5707963267948966,75.0,-80.0,0.9999999999999982,19.0,-2.1707729884286704,75.0,-80.0,13.928388277184121
216.0,6.0,6.0,1.5707963267948966,75.0,-40.0,0.9999999999999982,19.0,-2.1707729884286704,75.0,-40.0,13.928388277184121
217.0,6.0,6.0,1.5707963267948966,75.0,0.0,0.9999999999999982,19.0,-2.1707729884286704,75.0,0.0,13.928388277184121
218.0,6.0,6.0,1.5707963267948966,75.0,40.0,0.9999999999999982,19.0,-2.1707729884286704,75.0,40.0,13.928388277184121
219.0,6.0,6.0,1.5707963267948966,75.0,80.0,0.9999999999999982,19.0,-2.1707729884286704,75.0,80.0,13.928388277184121
220.0,6.0,6.0,1.5707963267948966,150.0,-80.0,0.9999999999999982,19.0,-2.1707729884286704,150.0,-80.0,13.928388277184121
221.0,6.0,6.0,1.5707963267948966,150.0,-40.0,0.9999999999999982,19.0,-2.1707729884286704,150.0,-40.0,13.928388277184121
222.0,6.0,6.0,1.5707963267948966,150.0,0.0,0.9999999999999982,19.0,-2.1707729884286704,150.0,0.0,13.928388277184121
223.0,6.0,6.0,1.5707963267948966,150.0,40.0,0.9999999999999982,19.0,-2.1707729884286704,150.0,40.0,13.928388277184121
224.0,6.0,6.0,1.5707963267948966,150.0,80.0,0.9999999999999982,19.0,-2.1707729884286704,150.0,80.0,13.928388277184121
225.0,6.0,8.0,3.141592653589793,-150.0,-80.0,0.21816851753196964,17.857142857142858,-1.7381749156675075,-150.0,-80.0,11.427722458905839
226.0,6.0,8.0,3.141592653589793,-150.0,-40.0,0.21816851753196964,17.857142857142858,-1.7381749156675075,-150.0,-40.0,11.427722458905839
227.0,6.0,8.0,3.141592653589793,-150.0,0.0,0.21816851753196964,17.857142857142858,-1.7381749156675075,-150.0,0.0,11.427722458905839
228.0,6.0,8.0,3.141592653589793,-150.0,40.0,0.21816851753196964,17.857142857142858,-1.7381749156675075,-150.0,40.0,11.427722458905839
229.0,6.0,8.0,3.141592653589793,-150.0,80.0,0.21816851753196964,17.857142857142858,-1.7381749156675075,-150.0,80.0,11.427722458905839
230.0,6.0,8.0,3.141592653589793,-75.0,-80.0,0.21816851753196964,17.857142857142858,-1.7381749156675075,-75.0,-80.0,11.427722458905839
231.0,6.0,8.0,3.141592653589793,-75.0,-40.0,0.21816851753196964,17.857142857142858,-1.7381749156675075,-75.0,-40.0,11.427722458905839
232.0,6.0,8.0,3.141592653589793,-75.0,0.0,0.21816851753196964,17.857142857142858,-1.7381749156675075,-75.0,0.0,11.427722458905839
233.0,6.0,8.0,3.141592653589793,-75.0,40.0,0.21816851753196964,17.857142857142858,-1.7381749156675075,-75.0,40.0,11.427722458905839
234.0,6.0,8.0,3.141592653589793,-75.0,80.0,0.21816851753196964,17.857142857142858,-1.7381749156675075,-75.0,80.0,11.427722458905839
235.0,6.0,8.0,3.141592653589793,0.0,-80.0,0.21816851753196964,17.857142857142858,-1.7381749156675075,0.0,-80.0,11.427722458905839
236.0,6.0,8.0,3.141592653589793,0.0,-40.0,0.21816851753196964,17.857142857142858,-1.7381749156675075,0.0,-40.0,11.427722458905839
237.0,6.0,8.0,3.141592653589793,0.0,0.0,0.21816851753196964,17.857142857142858,-1.7381749156675075,0.0,0.0,11.427722458905839
238.0,6.0,8.0,3.141592653589793,0.0,40.0,0.21816851753196964,17.857142857142858,-1.7381749156675075,0.0,40.0,11.427722458905839
239.0,6.0,8.0,3.141592653589793,0.0,80.0,0.21816851753196964,17.857142857142858,-1.7381749156675075,0.0,80.0,11.427722458905839
240.0,6.0,8.0,3.141592653589793,75.0,-80.0,0.21816851753196964,17.857142857142858,-1.7381749156675075,75.0,-80.0,11.427722458905839
241.0,6.0,8.0,3.141592653589793,75.0,-40.0,0.21816851753196964,17.857142857142858,-1.7381749156675075,75.0,-40.0,11.427722458905839
242.0,6.0,8.0,3.141592653589793,75.0,0.0,0.21816851753196964,17.857142857142858,-1.7381749156675075,75.0,0.0,11.427722458905839
243.0,6.0,8.0,3.141592653589793,75.0,40.0,0.21816851753196964,17.857142857142858,-1.7381749156675075,75.0,40.0,11.427722458905839
244.0,6.0,8.0,3.141592653589793,75.0,80.0,0.21816851753196964,17.857142857142858,-1.7381749156675075,75.0,80.0,11.427722458905839
245.0,6.0,8.0,3.141592653589793,150.0,-80.0,0.21816851753196964,17.857142857142858,-1.7381749156675075,150.0,-80.0,11.427722458905839
246.0,6.0,8.0,3.141592653589793,150.0,-40.0,0.21816851753196964,17.857142857142858,-1.7381749156675075,150.0,-40.0,11.427722458905839
247.0,6.0,8.0,3.141592653589793,150.0,0.0,0.21816851753196964,17.857142857142858,-1.7381749156675075,150.0,0.0,11.427722458905839
248.0,6.0,8.0,3.141592653589793,150.0,40.0,0.21816851753196964,17.857142857142858,-1.7381749156675075,150.0,40.0,11.427722458905839
249.0,6.0,8.0,3.141592653589793,150.0,80.0,0.21816851753196964,17.857142857142858,-1.7381749156675075,150.0,80.0,11.427722458905839
250.0,4.0,8.0,-1.5707963267948966,-150.0,-80.0,0.025072087818178268,16.714285714285715,-1.1286431039458444,-150.0,-80.0,9.578038808505958
251.0,4.0,8.0,-1.5707963267948966,-150.0,-40.0,0.025072087818178268,16.714285714285715,-1.1286431039458444,-150.0,-40.0,9.578038808505958
252.0,4.0,8.0,-1.5707963267948966,-150.0,0.0,0.025072087818178268,16.714285714285715,-1.1286431039458444,-150.0,0.0,9.578038808505958
253.0,4.0,8.0,-1.5707963267948966,-150.0,40.0,0.025072087818178268,16.714285714285715,-1.1286431039458444,-150.0,40.0,9.578038808505958
254.0,4.0,8.0,-1.5707963267948966,-150.0,80.0,0.025072087818178268,16.714285714285715,-1.1286431039458444,-150.0,80.0,9.578038808505958
255.0,4.0,8.0,-1.5707963267948966,-75.0,-80.0,0.025072087818178268,16.714285714285715,-1.1286431039458444,-75.0,-80.0,9.578038808505958
256.0,4.0,8.0,-1.5707963267948966,-75.0,-40.0,0.025072087818178268,16.714285714285715,-1.1286431039458444,-75.0,-40.0,9.578038808505958
257.0,4.0,8.0,-1.5707963267948966,-75.0,0.0,0.025072087818178268,16.714285714285715,-1.1286431039458444,-75.0,0.0,9.578038808505958
258.0,4.0,8.0,-1.5707963267948966,-75.0,40.0,0.025072087818178268,16.714285714285715,-1.1286431039458444,-75.0,40.0,9.578038808505958
259.0,4.0,8.0,-1.5707963267948966,-75.0,80.0,0.025072087818178268,16.714285714285715,-1.1286431039458444,-75.0,80.0,9.578038808505958
260.0,4.0,8.0,-1.5707963267948966,0.0,-80.0,0.025072087818178268,16.714285714285715,-1.1286431039458444,0.0,-80.0,9.578038808505958
261.0,4.0,8.0,-1.5707963267948966,0.0,-40.0,0.025072087818178268,16.714285714285715,-1.1286431039458444,0.0,-40.0,9.578038808505958
262.0,4.0,8.0,-1.5707963267948966,0.0,0.0,0.025072087818178268,16.714285714285715,-1.1286431039458444,0.0,0.0,9.578038808505958
263.0,4.0,8.0,-1.5707963267948966,0.0,40.0,0.025072087818178268,16.714285714285715,-1.1286431039458444,0.0,40.0,9.578038808505958
264.0,4.0,8.0,-1.5707963267948966,0.0,80.0,0.025072087818178268,16.714285714285715,-1.1286431039458444,0.0,80.0,9.578038808505958
265.0,4.0,8.0,-1.5707963267948966,75.0,-80.0,0.025072087818178268,16.714285714285715,-1.1286431039458444,75.0,-80.0,9.578038808505958
266.0,4.0,8.0,-1.5707963267948966,75.0,-40.0,0.025072087818178268,16.714285714285715,-1.1286431039458444,75.0,-40.0,9.578038808505958
267.0,4.0,8.0,-1.5707963267948966,75.0,0.0,0.025072087818178268,16.714285714285715,-1.1286431039458444,75.0,0.0,9.578038808505958
268.0,4.0,8.0,-1.5707963267948966,75.0,40.0,0.025072087818178268,16.714285714285715,-1.1286431039458444,75.0,40.0,9.578038808505958
269.0,4.0,8.0,-1.5707963267948966,75.0,80.0,0.025072087818178268,16.714285714285715,-1.1286431039458444,75.0,80.0,9.578038808505958
270.0,4.0,8.0,-1.5707963267948966,150.0,-80.0,0.025072087818178268,16.714285714285715,-1.1286431039458444,150.0,-80.0,9.578038808505958
271.0,4.0,8.0,-1.5707963267948966,150.0,-40.0,0.025072087818178268,16.714285714285715,-1.1286431039458444,150.0,-40.0,9.578038808505958
272.0,4.0,8.0,-1.5707963267948966,150.0,0.0,0.025072087818178268,16.714285714285715,-1.1286431039458444,150.0,0.0,9.578038808505958
273.0,4.0,8.0,-1.5707963267948966,150.0,40.0,0.025072087818178268,16.714285714285715,-1.1286431039458444,150.0,40.0,9.578038808505958
274.0,4.0,8.0,-1.5707963267948966,150.0,80.0,0.025072087818178268,16.714285714285715,-1.1286431039458444,150.0,80.0,9.578038808505958
275.0,4.0,6.0,-1.5707963267948966,-150.0,-80.0,0.5661162608824428,15.571428571428571,-0.9213719314969069,-150.0,-80.0,10.168766023059787
276.0,4.0,6.0,-1.5707963267948966,-150.0,-40.0,0.5661162608824428,15.571428571428571,-0.9213719314969069,-150.0,-40.0,10.168766023059787
277.0,4.0,6.0,-1.5707963267948966,-150.0,0.0,0.5661162608824428,15.571428571428571,-0.9213719314969069,-150.0,0.0,10.168766023059787
278.0,4.0,6.0,-1.5707963267948966,-150.0,40.0,0.5661162608824428,15.571428571428571,-0.9213719314969069,-150.0,40.0,10.168766023059787
279.0,4.0,6.0,-1.5707963267948966,-150.0,80.0,0.5661162608824428,15.571428571428571,-0.9213719314969069,-150.0,80.0,10.168766023059787
280.0,4.0,6.0,-1.5707963267948966,-75.0,-80.0,0.5661162608824428,15.571428571428571,-0.9213719314969069,-75.0,-80.0,10.168766023059787
281.0,4.0,6.0,-1.5707963267948966,-75.0,-40.0,0.5661162608824428,15.571428571428571,-0.9213719314969069,-75.0,-40.0,10.168766023059787
282.0,4.0,6.0,-1.5707963267948966,-75.0,0.0,0.5661162608824428,15.571428571428571,-0.9213719314969069,-75.0,0.0,10.168766023059787
283.0,4.0,6.0,-1.5707963267948966,-75.0,40.0,0.5661162608824428,15.571428571428571,-0.9213719314969069,-75.0,40.0,10.168766023059787
284.0,4.0,6.0,-1.5707963267948966,-75.0,80.0,0.5661162608824428,15.571428571428571,-0.9213719314969069,-75.0,80.0,10.168766023059787
285.0,4.0,6.0,-1.5707963267948966,0.0,-80.0,0.5661162608824428,15.571428571428571,-0.9213719314969069,0.0,-80.0,10.168766023059787
286.0,4.0,6.0,-1.5707963267948966,0.0,-40.0,0.5661162608824428,15.571428571428571,-0.9213719314969069,0.0,-40.0,10.168766023059787
287.0,4.0,6.0,-1.5707963267948966,0.0,0.0,0.5661162608824428,15.571428571428571,-0.9213719314969069,0.0,0.0,10.168766023059787
288.0,4.0,6.0,-1.5707963267948966,0.0,40.0,0.5661162608824428,15.571428571428571,-0.9213719314969069,0.0,40.0,10.168766023059787
289.0,4.0,6.0,-1.5707963267948966,0.0,80.0,0.5661162608824428,15.571428571428571,-0.9213719314969069,0.0,80.0,10.168766023059787
290.0,4.0,6.0,-1.5707963267948966,75.0,-80.0,0.5661162608824428,15.571428571428571,-0.9213719314969069,75.0,-80.0,10.168766023059787
291.0,4.0,6.0,-1.5707963267948966,75.0,-40.0,0.5661162608824428,15.571428571428571,-0.9213719314969069,75.0,-40.0,10.168766023059787
292.0,4.0,6.0,-1.5707963267948966,75.0,0.0,0.5661162608824428,15.571428571428571,-0.9213719314969069,75.0,0.0,10.168766023059787
293.0,4.0,6.0,-1.5707963267948966,75.0,40.0,0.5661162608824428,15.571428571428571,-0.9213719314969069,75.0,40.0,10.168766023059787
294.0,4.0,6.0,-1.5707963267948966,75.0,80.0,0.5661162608824428,15.571428571428571,-0.9213719314969069,75.0,80.0,10.168766023059787
295.0,4.0,6.0,-1.5707963267948966,150.0,-80.0,0.5661162608824428,15.571428571428571,-0.9213719314969069,150.0,-80.0,10.168766023059787
296.0,4.0,6.0,-1.5707963267948966,150.0,-40.0,0.5661162608824428,15.571428571428571,-0.9213719314969069,150.0,-40.0,10.168766023059787
297.0,4.0,6.0,-1.5707963267948966,150.0,0.0,0.5661162608824428,15.571428571428571,-0.9213719314969069,150.0,0.0,10.168766023059787
298.0,4.0,6.0,-1.5707963267948966,150.0,40.0,0.5661162608824428,15.571428571428571,-0.9213719314969069,150.0,40.0,10.168766023059787
299.0,4.0,6.0,-1.5707963267948966,150.0,80.0,0.5661162608824428,15.571428571428571,-0.9213719314969069,150.0,80.0,10.168766023059787
300.0,4.0,4.0,-1.5707963267948966,-150.0,-80.0,1.433883739117559,14.428571428571429,-1.1286431039458444,-150.0,-80.0,10.739648723546855
301.0,4.0,4.0,-1.5707963267948966,-150.0,-40.0,1.433883739117559,14.428571428571429,-1.1286431039458444,-150.0,-40.0,10.739648723546855
302.0,4.0,4.0,-1.5707963267948966,-150.0,0.0,1.433883739117559,14.428571428571429,-1.1286431039458444,-150.0,0.0,10.739648723546855
303.0,4.0,4.0,-1.5707963267948966,-150.0,40.0,1.433883739117559,14.428571428571429,-1.1286431039458444,-150.0,40.0,10.739648723546855
304.0,4.0,4.0,-1.5707963267948966,-150.0,80.0,1.433883739117559,14.428571428571429,-1.1286431039458444,-150.0,80.0,10.739648723546855
305.0,4.0,4.0,-1.5707963267948966,-75.0,-80.0,1.433883739117559,14.428571428571429,-1.1286431039458444,-75.0,-80.0,10.739648723546855
306.0,4.0,4.0,-1.5707963267948966,-75.0,-40.0,1.433883739117559,14.428571428571429,-1.1286431039458444,-75.0,-40.0,10.739648723546855
307.0,4.0,4.0,-1.5707963267948966,-75.0,0.0,1.433883739117559,14.428571428571429,-1.1286431039458444,-75.0,0.0,10.739648723546855
308.0,4.0,4.0,-1.5707963267948966,-75.0,40.0,1.433883739117559,14.428571428571429,-1.1286431039458444,-75.0,40.0,10.739648723546855
309.0,4.0,4.0,-1.5707963267948966,-75.0,80.0,1.433883739117559,14.428571428571429,-1.1286431039458444,-75.0,80.0,10.739648723546855
310.0,4.0,4.0,-1.5707963267948966,0.0,-80.0,1.433883739117559,14.428571428571429,-1.1286431039458444,0.0,-80.0,10.739648723546855
311.0,4.0,4.0,-1.5707963267948966,0.0,-40.0,1.433883739117559,14.428571428571429,-1.1286431039458444,0.0,-40.0,10.739648723546855
312.0,4.0,4.0,-1.5707963267948966,0.0,0.0,1.433883739117559,14.428571428571429,-1.1286431039458444,0.0,0.0,10.739648723546855
313.0,4.0,4.0,-1.5707963267948966,0.0,40.0,1.433883739117559,14.428571428571429,-1.1286431039458444,0.0,40.0,10.739648723546855
314.0,4.0,4.0,-1.5707963267948966,0.0,80.0,1.433883739117559,14.428571428571429,-1.1286431039458444,0.0,80.0,10.739648723546855
315.0,4.0,4.0,-1.5707963267948966,75.0,-80.0,1.433883739117559,14.428571428571429,-1.1286431039458444,75.0,-80.0,10.739648723546855
316.0,4.0,4.0,-1.5707963267948966,75.0,-40.0,1.433883739117559,14.428571428571429,-1.1286431039458444,75.0,-40.0,10.739648723546855
317.0,4.0,4.0,-1.5707963267948966,75.0,0.0,1.433883739117559,14.428571428571429,-1.1286431039458444,75.0,0.0,10.739648723546855
318.0,4.0,4.0,-1.5707963267948966,75.0,40.0,1.433883739117559,14.428571428571429,-1.1286431039458444,75.0,40.0,10.739648723546855
319.0,4.0,4.0,-1.5707963267948966,75.0,80.0,1.433883739117559,14.428571428571429,-1.1286431039458444,75.0,80.0,10.739648723546855
320.0,4.0,4.0,-1.5707963267948966,150.0,-80.0,1.433883739117559,14.428571428571429,-1.1286431039458444,150.0,-80.0,10.739648723546855
321.0,4.0,4.0,-1.5707963267948966,150.0,-40.0,1.433883739117559,14.428571428571429,-1.1286431039458444,150.0,-40.0,10.739648723546855
322.0,4.0,4.0,-1.5707963267948966,150.0,0.0,1.433883739117559,14.428571428571429,-1.1286431039458444,150.0,0.0,10.739648723546855
323.0,4.0,4.0,-1.5707963267948966,150.0,40.0,1.433883739117559,14.428571428571429,-1.1286431039458444,150.0,40.0,10.739648723546855
324.0,4.0,4.0,-1.5707963267948966,150.0,80.0,1.433883739117559,14.428571428571429,-1.1286431039458444,150.0,80.0,10.739648723546855
325.0,4.0,2.0,-1.5707963267948966,-150.0,-80.0,1.9749279121818235,13.285714285714285,-1.73817491566751,-150.0,-80.0,11.465961097947078
326.0,4.0,2.0,-1.5707963267948966,-150.0,-40.0,1.9749279121818235,13.285714285714285,-1.73817491566751,-150.0,-40.0,11.465961097947078
327.0,4.0,2.0,-1.5707963267948966,-150.0,0.0,1.9749279121818235,13.285714285714285,-1.73817491566751,-150.0,0.0,11.465961097947078
328.0,4.0,2.0,-1.5707963267948966,-150.0,40.0,1.9749279121818235,13.285714285714285,-1.73817491566751,-150.0,40.0,11.465961097947078
329.0,4.0,2.0,-1.5707963267948966,-150.0,80.0,1.9749279121818235,13.285714285714285,-1.73817491566751,-150.0,80.0,11.465961097947078
330.0,4.0,2.0,-1.5707963267948966,-75.0,-80.0,1.9749279121818235,13.285714285714285,-1.73817491566751,-75.0,-80.0,11.465961097947078
331.0,4.0,2.0,-1.5707963267948966,-75.0,-40.0,1.9749279121818235,13.285714285714285,-1.73817491566751,-75.0,-40.0,11.465961097947078
332.0,4.0,2.0,-1.5707963267948966,-75.0,0.0,1.9749279121818235,13.285714285714285,-1.73817491566751,-75.0,0.0,11.465961097947078
333.0,4.0,2.0,-1.5707963267948966,-75.0,40.0,1.9749279121818235,13.285714285714285,-1.73817491566751,-75.0,40.0,11.465961097947078
334.0,4.0,2.0,-1.5707963267948966,-75.0,80.0,1.9749279121818235,13.285714285714285,-1.73817491566751,-75.0,80.0,11.465961097947078
335.0,4.0,2.0,-1.5707963267948966,0.0,-80.0,1.9749279121818235,13.285714285714285,-1.73817491566751,0.0,-80.0,11.465961097947078
336.0,4.0,2.0,-1.5707963267948966,0.0,-40.0,1.9749279121818235,13.285714285714285,-1.73817491566751,0.0,-40.0,11.465961097947078
337.0,4.0,2.0,-1.5707963267948966,0.0,0.0,1.9749279121818235,13.285714285714285,-1.73817491566751,0.0,0.0,11.465961097947078
338.0,4.0,2.0,-1.5707963267948966,0.0,40.0,1.9749279121818235,13.285714285714285,-1.73817491566751,0.0,40.0,11.465961097947078
339.0,4.0,2.0,-1.5707963267948966,0.0,80.0,1.9749279121818235,13.285714285714285,-1.73817491566751,0.0,80.0,11.465961097947078
340.0,4.0,2.0,-1.5707963267948966,75.0,-80.0,1.9749279121818235,13.285714285714285,-1.73817491566751,75.0,-80.0,11.465961097947078
341.0,4.0,2.0,-1.5707963267948966,75.0,-40.0,1.9749279121818235,13.285714285714285,-1.73817491566751,75.0,-40.0,11.465961097947078
342.0,4.0,2.0,-1.5707963267948966,75.0,0.0,1.9749279121818235,13.285714285714285,-1.73817491566751,75.0,0.0,11.465961097947078
343.0,4.0,2.0,-1.5707963267948966,75.0,40.0,1.9749279121818235,13.285714285714285,-1.73817491566751,75.0,40.0,11.465961097947078
344.0,4.0,2.0,-1.5707963267948966,75.0,80.0,1.9749279121818235,13.285714285714285,-1.73817491566751,75.0,80.0,11.465961097947078
345.0,4.0,2.0,-1.5707963267948966,150.0,-80.0,1.9749279121818235,13.285714285714285,-1.73817491566751,150.0,-80.0,11.465961097947078
346.0,4.0,2.0,-1.5707963267948966,150.0,-40.0,1.9749279121818235,13.285714285714285,-1.73817491566751,150.0,-40.0,11.465961097947078
347.0,4.0,2.0,-1.5707963267948966,150.0,0.0,1.9749279121818235,13.285714285714285,-1.73817491566751,150.0,0.0,11.465961097947078
348.0,4.0,2.0,-1.5707963267948966,150.0,40.0,1.9749279121818235,13.285714285714285,-1.73817491566751,150.0,40.0,11.465961097947078
349.0,4.0,2.0,-1.5707963267948966,150.0,80.0,1.9749279121818235,13.285714285714285,-1.73817491566751,150.0,80.0,11.465961097947078
350.0,4.0,0.0,3.141592653589793,-150.0,-80.0,1.7818314824680295,12.142857142857142,-2.170772988428671,-150.0,-80.0,12.343794034412868
351.0,4.0,0.0,3.141592653589793,-150.0,-40.0,1.7818314824680295,12.142857142857142,-2.170772988428671,-150.0,-40.0,12.343794034412868
352.0,4.0,0.0,3.141592653589793,-150.0,0.0,1.7818314824680295,12.142857142857142,-2.170772988428671,-150.0,0.0,12.343794034412868
353.0,4.0,0.0,3.141592653589793,-150.0,40.0,1.7818314824680295,12.142857142857142,-2.170772988428671,-150.0,40.0,12.343794034412868
354.0,4.0,0.0,3.141592653589793,-150.0,80.0,1.7818314824680295,12.142857142857142,-2.170772988428671,-150.0,80.0,12.343794034412868
355.0,4.0,0.0,3.141592653589793,-75.0,-80.0,1.7818314824680295,12.142857142857142,-2.170772988428671,-75.0,-80.0,12.343794034412868
356.0,4.0,0.0,3.141592653589793,-75.0,-40.0,1.7818314824680295,12.142857142857142,-2.170772988428671,-75.0,-40.0,12.343794034412868
357.0,4.0,0.0,3.141592653589793,-75.0,0.0,1.7818314824680295,12.142857142857142,-2.170772988428671,-75.0,0.0,12.343794034412868
358.0,4.0,0.0,3.141592653589793,-75.0,40.0,1.7818314824680295,12.142857142857142,-2.170772988428671,-75.0,40.0,12.343794034412868
359.0,4.0,0.0,3.141592653589793,-75.0,80.0,1.7818314824680295,12.142857142857142,-2.170772988428671,-75.0,80.0,12.343794034412868
360.0,4.0,0.0,3.141592653589793,0.0,-80.0,1.7818314824680295,12.142857142857142,-2.170772988428671,0.0,-80.0,12.343794034412868
361.0,4.0,0.0,3.141592653589793,0.0,-40.0,1.7818314824680295,12.142857142857142,-2.170772988428671,0.0,-40.0,12.343794034412868
362.0,4.0,0.0,3.141592653589793,0.0,0.0,1.7818314824680295,12.142857142857142,-2.170772988428671,0.0,0.0,12.343794034412868
363.0,4.0,0.0,3.141592653589793,0.0,40.0,1.7818314824680295,12.142857142857142,-2.170772988428671,0.0,40.0,12.343794034412868
364.0,4.0,0.0,3.141592653589793,0.0,80.0,1.7818314824680295,12.142857142857142,-2.170772988428671,0.0,80.0,12.343794034412868
365.0,4.0,0.0,3.141592653589793,75.0,-80.0,1.7818314824680295,12.142857142857142,-2.170772988428671,75.0,-80.0,12.343794034412868
366.0,4.0,0.0,3.141592653589793,75.0,-40.0,1.7818314824680295,12.142857142857142,-2.170772988428671,75.0,-40.0,12.343794034412868
367.0,4.0,0.0,3.141592653589793,75.0,0.0,1.7818314824680295,12.142857142857142,-2.170772988428671,75.0,0.0,12.343794034412868
368.0,4.0,0.0,3.141592653589793,75.0,40.0,1.7818314824680295,12.142857142857142,-2.170772988428671,75.0,40.0,12.343794034412868
369.0,4.0,0.0,3.141592653589793,75.0,80.0,1.7818314824680295,12.142857142857142,-2.170772988428671,75.0,80.0,12.343794034412868
370.0,4.0,0.0,3.141592653589793,150.0,-80.0,1.7818314824680295,12.142857142857142,-2.170772988428671,150.0,-80.0,12.343794034412868
371.0,4.0,0.0,3.141592653589793,150.0,-40.0,1.7818314824680295,12.142857142857142,-2.170772988428671,150.0,-40.0,12.343794034412868
372.0,4.0,0.0,3.141592653589793,150.0,0.0,1.7818314824680295,12.142857142857142,-2.170772988428671,150.0,0.0,12.343794034412868
373.0,4.0,0.0,3.141592653589793,150.0,40.0,1.7818314824680295,12.142857142857142,-2.170772988428671,150.0,40.0,12.343794034412868
374.0,4.0,0.0,3.141592653589793,150.0,80.0,1.7818314824680295,12.142857142857142,-2.170772988428671,150.0,80.0,12.343794034412868
375.0,2.0,0.0,1.5707963267948966,-150.0,-80.0,1.0,11.0,0.0,-150.0,-80.0,11.045361017187261
376.0,2.0,0.0,1.5707963267948966,-150.0,-40.0,1.0,11.0,0.0,-150.0,-40.0,11.045361017187261
377.0,2.0,0.0,1.5707963267948966,-150.0,0.0,1.0,11.0,0.0,-150.0,0.0,11.045361017187261
378.0,2.0,0.0,1.5707963267948966,-150.0,40.0,1.0,11.0,0.0,-150.0,40.0,11.045361017187261
379.0,2.0,0.0,1.5707963267948966,-150.0,80.0,1.0,11.0,0.0,-150.0,80.0,11.045361017187261
380.0,2.0,0.0,1.5707963267948966,-75.0,-80.0,1.0,11.0,0.0,-75.0,-80.0,11.045361017187261
381.0,2.0,0.0,1.5707963267948966,-75.0,-40.0,1.0,11.0,0.0,-75.0,-40.0,11.045361017187261
382.0,2.0,0.0,1.5707963267948966,-75.0,0.0,1.0,11.0,0.0,-75.0,0.0,11.045361017187261
383.0,2.0,0.0,1.5707963267948966,-75.0,40.0,1.0,11.0,0.0,-75.0,40.0,11.045361017187261
384.0,2.0,0.0,1.5707963267948966,-75.0,80.0,1.0,11.0,0.0,-75.0,80.0,11.045361017187261
385.0,2.0,0.0,1.5707963267948966,0.0,-80.0,1.0,11.0,0.0,0.0,-80.0,11.045361017187261
386.0,2.0,0.0,1.5707963267948966,0.0,-40.0,1.0,11.0,0.0,0.0,-40.0,11.045361017187261
387.0,2.0,0.0,1.5707963267948966,0.0,0.0,1.0,11.0,0.0,0.0,0.0,11.045361017187261
388.0,2.0,0.0,1.5707963267948966,0.0,40.0,1.0,11.0,0.0,0.0,40.0,11.045361017187261
389.0,2.0,0.0,1.5707963267948966,0.0,80.0,1.0,11.0,0.0,0.0,80.0,11.045361017187261
390.0,2.0,0.0,1.5707963267948966,75.0,-80.0,1.0,11.0,0.0,75.0,-80.0,11.045361017187261
391.0,2.0,0.0,1.5707963267948966,75.0,-40.0,1.0,11.0,0.0,75.0,-40.0,11.045361017187261
392.0,2.0,0.0,1.5707963267948966,75.0,0.0,1.0,11.0,0.0,75.0,0.0,11.045361017187261
393.0,2.0,0.0,1.5707963267948966,75.0,40.0,1.0,11.0,0.0,75.0,40.0,11.045361017187261
394.0,2.0,0.0,1.5707963267948966,75.0,80.0,1.0,11.0,0.0,75.0,80.0,11.045361017187261
395.0,2.0,0.0,1.5707963267948966,150.0,-80.0,1.0,11.0,0.0,150.0,-80.0,11.045361017187261
396.0,2.0,0.0,1.5707963267948966,150.0,-40.0,1.0,11.0,0.0,150.0,-40.0,11.045361017187261
397.0,2.0,0.0,1.5707963267948966,150.0,0.0,1.0,11.0,0.0,150.0,0.0,11.045361017187261
398.0,2.0,0.0,1.5707963267948966,150.0,40.0,1.0,11.0,0.0,150.0,40.0,11.045361017187261
399.0,2.0,0.0,1.5707963267948966,150.0,80.0,1.0,11.0,0.0,150.0,80.0,11.045361017187261
400.0,2.0,2.0,1.5707963267948966,-150.0,-80.0,7.0,11.0,0.970819665161122,-150.0,-80.0,10.295630140987
401.0,2.0,2.0,1.5707963267948966,-150.0,-40.0,7.0,11.0,0.970819665161122,-150.0,-40.0,10.295630140987
402.0,2.0,2.0,1.5707963267948966,-150.0,0.0,7.0,11.0,0.970819665161122,-150.0,0.0,10.295630140987
403.0,2.0,2.0,1.5707963267948966,-150.0,40.0,7.0,11.0,0.970819665161122,-150.0,40.0,10.295630140987
404.0,2.0,2.0,1.5707963267948966,-150.0,80.0,7.0,11.0,0.970819665161122,-150.0,80.0,10.295630140987
405.0,2.0,2.0,1.5707963267948966,-75.0,-80.0,7.0,11.0,0.970819665161122,-75.0,-80.0,10.295630140987
406.0,2.0,2.0,1.5707963267948966,-75.0,-40.0,7.0,11.0,0.970819665161122,-75.0,-40.0,10.295630140987
407.0,2.0,2.0,1.5707963267948966,-75.0,0.0,7.0,11.0,0.970819665161122,-75.0,0.0,10.295630140987
408.0,2.0,2.0,1.5707963267948966,-75.0,40.0,7.0,11.0,0.970819665161122,-75.0,40.0,10.295630140987
409.0,2.0,2.0,1.5707963267948966,-75.0,80.0,7.0,11.0,0.970819665161122,-75.0,80.0,10.295630140987
410.0,2.0,2.0,1.5707963267948966,0.0,-80.0,7.0,11.0,0.970819665161122,0.0,-80.0,10.295630140987
411.0,2.0,2.0,1.5707963267948966,0.0,-40.0,7.0,11.0,0.970819665161122,0.0,-40.0,10.295630140987
412.0,2.0,2.0,1.5707963267948966,0.0,0.0,7.0,11.0,0.970819665161122,0.0,0.0,10.295630140987
413.0,2.0,2.0,1.5707963267948966,0.0,40.0,7.0,11.0,0.970819665161122,0.0,40.0,10.295630140987
414.0,2.0,2.0,1.5707963267948966,0.0,80.0,7.0,11.0,0.970819665161122,0.0,80.0,10.295630140987
415.0,2.0,2.0,1.5707963267948966,75.0,-80.0,7.0,11.0,0.970819665161122,75.0,-80.0,10.295630140987
416.0,2.0,2.0,1.5707963267948966,75.0,-40.0,7.0,11.0,0.970819665161122,75.0,-40.0,10.295630140987
417.0,2.0,2.0,1.5707963267948966,75.0,0.0,7.0,11.0,0.970819665161122,75.0,0.0,10.295630140987
418.0,2.0,2.0,1.5707963267948966,75.0,40.0,7.0,11.0,0.970819665161122,75.0,40.0,10.295630140987
419.0,2.0,2.0,1.5707963267948966,75.0,80.0,7.0,11.0,0.970819665161122,75.0,80.0,10.295630140987
420.0,2.0,2.0,1.5707963267948966,150.0,-80.0,7.0,11.0,0.970819665161122,150.0,-80.0,10.295630140987
421.0,2.0,2.0,1.5707963267948966,150.0,-40.0,7.0,11.0,0.970819665161122,150.0,-40.0,10.295630140987
422.0,2.0,2.0,1.5707963267948966,150.0,0.0,7.0,11.0,0.970819665161122,150.0,0.0,10.295630140987
423.0,2.0,2.0,1.5707963267948966,150.0,40.0,7.0,11.0,0.970819665161122,150.0,40.0,10.295630140987
424.0,2.0,2.0,1.5707963267948966,150.0,80.0,7.0,11.0,0.970819665161122,150.0,80.0,10.295630140987
425.0,2.0,4.0,1.5707963267948966,-150.0,-80.0,7.78183148246803,12.142857142857142,1.4034177379222834,-150.0,-80.0,9.986776143512882
426.0,2.0,4.0,1.5707963267948966,-150.0,-40.0,7.78183148246803,12.142857142857142,1.4034177379222834,-150.0,-40.0,9.986776143512882
427.0,2.0,4.0,1.5707963267948966,-150.0,0.0,7.78183148246803,12.142857142857142,1.4034177379222834,-150.0,0.0,9.986776143512882
428.0,2.0,4.0,1.5707963267948966,-150.0,40.0,7.78183148246803,12.142857142857142,1.4034177379222834,-150.0,40.0,9.986776143512882
429.0,2.0,4.0,1.5707963267948966,-150.0,80.0,7.78183148246803,12.142857142857142,1.4034177379222834,-150.0,80.0,9.986776143512882
430.0,2.0,4.0,1.5707963267948966,-75.0,-80.0,7.78183148246803,12.142857142857142,1.4034177379222834,-75.0,-80.0,9.986776143512882
431.0,2.0,4.0,1.5707963267948966,-75.0,-40.0,7.78183148246803,12.142857142857142,1.4034177379222834,-75.0,-40.0,9.986776143512882
432.0,2.0,4.0,1.5707963267948966,-75.0,0.0,7.78183148246803,12.142857142857142,1.4034177379222834,-75.0,0.0,9.986776143512882
433.0,2.0,4.0,1.5707963267948966,-75.0,40.0,7.78183148246803,12.142857142857142,1.4034177379222834,-75.0,40.0,9.986776143512882
434.0,2.0,4.0,1.5707963267948966,-75.0,80.0,7.78183148246803,12.142857142857142,1.4034177379222834,-75.0,80.0,9.986776143512882
435.0,2.0,4.0,1.5707963267948966,0.0,-80.0,7.78183148246803,12.142857142857142,1.4034177379222834,0.0,-80.0,9.986776143512882
436.0,2.0,4.0,1.5707963267948966,0.0,-40.0,7.78183148246803,12.142857142857142,1.4034177379222834,0.0,-40.0,9.986776143512882
437.0,2.0,4.0,1.5707963267948966,0.0,0.0,7.78183148246803,12.142857142857142,1.4034177379222834,0.0,0.0,9.986776143512882
438.0,2.0,4.0,1.5707963267948966,0.0,40.0,7.78183148246803,12.142857142857142,1.4034177379222834,0.0,40.0,9.986776143512882
439.0,2.0,4.0,1.5707963267948966,0.0,80.0,7.78183148246803,12.142857142857142,1.4034177379222834,0.0,80.0,9.986776143512882
440.0,2.0,4.0,1.5707963267948966,75.0,-80.0,7.78183148246803,12.142857142857142,1.4034177379222834,75.0,-80.0,9.986776143512882
441.0,2.0,4.0,1.5707963267948966,75.0,-40.0,7.78183148246803,12.142857142857142,1.4034177379222834,75.0,-40.0,9.986776143512882
442.0,2.0,4.0,1.5707963267948966,75.0,0.0,7.78183148246803,12.142857142857142,1.4034177379222834,75.0,0.0,9.986776143512882
443.0,2.0,4.0,1.5707963267948966,75.0,40.0,7.78183148246803,12.142857142857142,1.4034177379222834,75.0,40.0,9.986776143512882
444.0,2.0,4.0,1.5707963267948966,75.0,80.0,7.78183148246803,12.142857142857142,1.4034177379222834,75.0,80.0,9.986776143512882
445.0,2.0,4.0,1.5707963267948966,150.0,-80.0,7.78183148246803,12.142857142857142,1.4034177379222834,150.0,-80.0,9.986776143512882
446.0,2.0,4.0,1.5707963267948966,150.0,-40.0,7.78183148246803,12.142857142857142,1.4034177379222834,150.0,-40.0,9.986776143512882
447.0,2.0,4.0,1.5707963267948966,150.0,0.0,7.78183148246803,12.142857142857142,1.4034177379222834,150.0,0.0,9.986776143512882
448.0,2.0,4.0,1.5707963267948966,150.0,40.0,7.78183148246803,12.142857142857142,1.4034177379222834,150.0,40.0,9.986776143512882
449.0,2.0,4.0,1.5707963267948966,150.0,80.0,7.78183148246803,12.142857142857142,1.4034177379222834,150.0,80.0,9.986776143512882
450.0,2.0,6.0,1.5707963267948966,-150.0,-80.0,7.974927912181824,13.285714285714285,2.0129495496439502,-150.0,-80.0,9.422388031111364
451.0,2.0,6.0,1.5707963267948966,-150.0,-40.0,7.974927912181824,13.285714285714285,2.0129495496439502,-150.0,-40.0,9.422388031111364
452.0,2.0,6.0,1.5707963267948966,-150.0,0.0,7.974927912181824,13.285714285714285,2.0129495496439502,-150.0,0.0,9.422388031111364
453.0,2.0,6.0,1.5707963267948966,-150.0,40.0,7.974927912181824,13.285714285714285,2.0129495496439502,-150.0,40.0,9.422388031111364
454.0,2.0,6.0,1.5707963267948966,-150.0,80.0,7.974927912181824,13.285714285714285,2.0129495496439502,-150.0,80.0,9.422388031111364
455.0,2.0,6.0,1.5707963267948966,-75.0,-80.0,7.974927912181824,13.285714285714285,2.0129495496439502,-75.0,-80.0,9.422388031111364
456.0,2.0,6.0,1.5707963267948966,-75.0,-40.0,7.974927912181824,13.285714285714285,2.0129495496439502,-75.0,-40.0,9.422388031111364
457.0,2.0,6.0,1.5707963267948966,-75.0,0.0,7.974927912181824,13.285714285714285,2.0129495496439502,-75.0,0.0,9.422388031111364
458.0,2.0,6.0,1.5707963267948966,-75.0,40.0,7.974927912181824,13.285714285714285,2.0129495496439502,-75.0,40.0,9.422388031111364
459.0,2.0,6.0,1.5707963267948966,-75.0,80.0,7.974927912181824,13.285714285714285,2.0129495496439502,-75.0,80.0,9.422388031111364
460.0,2.0,6.0,1.5707963267948966,0.0,-80.0,7.974927912181824,13.285714285714285,2.0129495496439502,0.0,-80.0,9.422388031111364
461.0,2.0,6.0,1.5707963267948966,0.0,-40.0,7.974927912181824,13.285714285714285,2.0129495496439502,0.0,-40.0,9.422388031111364
462.0,2.0,6.0,1.5707963267948966,0.0,0.0,7.974927912181824,13.285714285714285,2.0129495496439502,0.0,0.0,9.422388031111364
463.0,2.0,6.0,1.5707963267948966,0.0,40.0,7.974927912181824,13.285714285714285,2.0129495496439502,0.0,40.0,9.422388031111364
464.0,2.0,6.0,1.5707963267948966,0.0,80.0,7.974927912181824,13.285714285714285,2.0129495496439502,0.0,80.0,9.422388031111364
465.0,2.0,6.0,1.5707963267948966,75.0,-80.0,7.974927912181824,13.285714285714285,2.0129495496439502,75.0,-80.0,9.422388031111364
466.0,2.0,6.0,1.5707963267948966,75.0,-40.0,7.974927912181824,13.285714285714285,2.0129495496439502,75.0,-40.0,9.422388031111364
467.0,2.0,6.0,1.5707963267948966,75.0,0.0,7.974927912181824,13.285714285714285,2.0129495496439502,75.0,0.0,9.422388031111364
468.0,2.0,6.0,1.5707963267948966,75.0,40.0,7.974927912181824,13.285714285714285,2.0129495496439502,75.0,40.0,9.422388031111364
469.0,2.0,6.0,1.5707963267948966,75.0,80.0,7.974927912181824,13.285714285714285,2.0129495496439502,75.0,80.0,9.422388031111364
470.0,2.0,6.0,1.5707963267948966,150.0,-80.0,7.974927912181824,13.285714285714285,2.0129495496439502,150.0,-80.0,9.422388031111364
471.0,2.0,6.0,1.5707963267948966,150.0,-40.0,7.974927912181824,13.285714285714285,2.0129495496439502,150.0,-40.0,9.422388031111364
472.0,2.0,6.0,1.5707963267948966,150.0,0.0,7.974927912181824,13.285714285714285,2.0129495496439502,150.0,0.0,9.422388031111364
473.0,2.0,6.0,1.5707963267948966,150.0,40.0,7.974927912181824,13.285714285714285,2.0129495496439502,150.0,40.0,9.422388031111364
474.0,2.0,6.0,1.5707963267948966,150.0,80.0,7.974927912181824,13.285714285714285,2.0129495496439502,150.0,80.0,9.422388031111364
475.0,2.0,8.0,3.141592653589793,-150.0,-80.0,7.433883739117558,14.428571428571429,2.2202207220928853,-150.0,-80.0,8.417459420899581
476.0,2.0,8.0,3.141592653589793,-150.0,-40.0,7.433883739117558,14.428571428571429,2.2202207220928853,-150.0,-40.0,8.417459420899581
477.0,2.0,8.0,3.141592653589793,-150.0,0.0,7.433883739117558,14.428571428571429,2.2202207220928853,-150.0,0.0,8.417459420899581
478.0,2.0,8.0,3.141592653589793,-150.0,40.0,7.433883739117558,14.428571428571429,2.2202207220928853,-150.0,40.0,8.417459420899581
479.0,2.0,8.0,3.141592653589793,-150.0,80.0,7.433883739117558,14.428571428571429,2.2202207220928853,-150.0,80.0,8.417459420899581
480.0,2.0,8.0,3.141592653589793,-75.0,-80.0,7.433883739117558,14.428571428571429,2.2202207220928853,-75.0,-80.0,8.417459420899581
481.0,2.0,8.0,3.141592653589793,-75.0,-40.0,7.433883739117558,14.428571428571429,2.2202207220928853,-75.0,-40.0,8.417459420899581
482.0,2.0,8.0,3.141592653589793,-75.0,0.0,7.433883739117558,14.428571428571429,2.2202207220928853,-75.0,0.0,8.417459420899581
483.0,2.0,8.0,3.141592653589793,-75.0,40.0,7.433883739117558,14.428571428571429,2.2202207220928853,-75.0,40.0,8.417459420899581
484.0,2.0,8.0,3.141592653589793,-75.0,80.0,7.433883739117558,14.428571428571429,2.2202207220928853,-75.0,80.0,8.417459420899581
485.0,2.0,8.0,3.141592653589793,0.0,-80.0,7.433883739117558,14.428571428571429,2.2202207220928853,0.0,-80.0,8.417459420899581
486.0,2.0,8.0,3.141592653589793,0.0,-40.0,7.433883739117558,14.428571428571429,2.2202207220928853,0.0,-40.0,8.417459420899581
487.0,2.0,8.0,3.141592653589793,0.0,0.0,7.433883739117558,14.428571428571429,2.2202207220928853,0.0,0.0,8.417459420899581
488.0,2.0,8.0,3.141592653589793,0.0,40.0,7.433883739117558,14.428571428571429,2.2202207220928853,0.0,40.0,8.417459420899581
489.0,2.0,8.0,3.141592653589793,0.0,80.0,7.433883739117558,14.428571428571429,2.2202207220928853,0.0,80.0,8.417459420899581
490.0,2.0,8.0,3.141592653589793,75.0,-80.0,7.433883739117558,14.428571428571429,2.2202207220928853,75.0,-80.0,8.417459420899581
491.0,2.0,8.0,3.141592653589793,75.0,-40.0,7.433883739117558,14.428571428571429,2.2202207220928853,75.0,-40.0,8.417459420899581
492.0,2.0,8.0,3.141592653589793,75.0,0.0,7.433883739117558,14.428571428571429,2.2202207220928853,75.0,0.0,8.417459420899581
493.0,2.0,8.0,3.141592653589793,75.0,40.0,7.433883739117558,14.428571428571429,2.2202207220928853,75.0,40.0,8.417459420899581
494.0,2.0,8.0,3.141592653589793,75.0,80.0,7.433883739117558,14.428571428571429,2.2202207220928853,75.0,80.0,8.417459420899581
495.0,2.0,8.0,3.141592653589793,150.0,-80.0,7.433883739117558,14.428571428571429,2.2202207220928853,150.0,-80.0,8.417459420899581
496.0,2.0,8.0,3.141592653589793,150.0,-40.0,7.433883739117558,14.428571428571429,2.2202207220928853,150.0,-40.0,8.417459420899581
497.0,2.0,8.0,3.141592653589793,150.0,0.0,7.433883739117558,14.428571428571429,2.2202207220928853,150.0,0.0,8.417459420899581
498.0,2.0,8.0,3.141592653589793,150.0,40.0,7.433883739117558,14.428571428571429,2.2202207220928853,150.0,40.0,8.417459420899581
499.0,2.0,8.0,3.141592653589793,150.0,80.0,7.433883739117558,14.428571428571429,2.2202207220928853,150.0,80.0,8.417459420899581
500.0,0.0,8.0,-1.5707963267948966,-150.0,-80.0,6.566116260882444,15.571428571428571,2.0129495496439502,-150.0,-80.0,10.021996475935808
501.0,0.0,8.0,-1.5707963267948966,-150.0,-40.0,6.566116260882444,15.571428571428571,2.0129495496439502,-150.0,-40.0,10.021996475935808
502.0,0.0,8.0,-1.5707963267948966,-150.0,0.0,6.566116260882444,15.571428571428571,2.0129495496439502,-150.0,0.0,10.021996475935808
503.0,0.0,8.0,-1.5707963267948966,-150.0,40.0,6.566116260882444,15.571428571428571,2.0129495496439502,-150.0,40.0,10.021996475935808
504.0,0.0,8.0,-1.5707963267948966,-150.0,80.0,6.566116260882444,15.571428571428571,2.0129495496439502,-150.0,80.0,10.021996475935808
505.0,0.0,8.0,-1.5707963267948966,-75.0,-80.0,6.566116260882444,15.571428571428571,2.0129495496439502,-75.0,-80.0,10.021996475935808
506.0,0.0,8.0,-1.5707963267948966,-75.0,-40.0,6.566116260882444,15.571428571428571,2.0129495496439502,-75.0,-40.0,10.021996475935808
507.0,0.0,8.0,-1.5707963267948966,-75.0,0.0,6.566116260882444,15.571428571428571,2.0129495496439502,-75.0,0.0,10.021996475935808
508.0,0.0,8.0,-1.5707963267948966,-75.0,40.0,6.566116260882444,15.571428571428571,2.0129495496439502,-75.0,40.0,10.021996475935808
509.0,0.0,8.0,-1.5707963267948966,-75.0,80.0,6.566116260882444,15.571428571428571,2.0129495496439502,-75.0,80.0,10.021996475935808
510.0,0.0,8.0,-1.5707963267948966,0.0,-80.0,6.566116260882444,15.571428571428571,2.0129495496439502,0.0,-80.0,10.021996475935808
511.0,0.0,8.0,-1.5707963267948966,0.0,-40.0,6.566116260882444,15.571428571428571,2.0129495496439502,0.0,-40.0,10.021996475935808
512.0,0.0,8.0,-1.5707963267948966,0.0,0.0,6.566116260882444,15.571428571428571,2.0129495496439502,0.0,0.0,10.021996475935808
513.0,0.0,8.0,-1.5707963267948966,0.0,40.0,6.566116260882444,15.571428571428571,2.0129495496439502,0.0,40.0,10.021996475935808
514.0,0.0,8.0,-1.5707963267948966,0.0,80.0,6.566116260882444,15.571428571428571,2.0129495496439502,0.0,80.0,10.021996475935808
515.0,0.0,8.0,-1.5707963267948966,75.0,-80.0,6.566116260882444,15.571428571428571,2.0129495496439502,75.0,-80.0,10.021996475935808
516.0,0.0,8.0,-1.5707963267948966,75.0,-40.0,6.566116260882444,15.571428571428571,2.0129495496439502,75.0,-40.0,10.021996475935808
517.0,0.0,8.0,-1.5707963267948966,75.0,0.0,6.566116260882444,15.571428571428571,2.0129495496439502,75.0,0.0,10.021996475935808
518.0,0.0,8.0,-1.5707963267948966,75.0,40.0,6.566116260882444,15.571428571428571,2.0129495496439502,75.0,40.0,10.021996475935808
519.0,0.0,8.0,-1.5707963267948966,75.0,80.0,6.566116260882444,15.571428571428571,2.0129495496439502,75.0,80.0,10.021996475935808
520.0,0.0,8.0,-1.5707963267948966,150.0,-80.0,6.566116260882444,15.571428571428571,2.0129495496439502,150.0,-80.0,10.021996475935808
521.0,0.0,8.0,-1.5707963267948966,150.0,-40.0,6.566116260882444,15.571428571428571,2.0129495496439502,150.0,-40.0,10.021996475935808
522.0,0.0,8.0,-1.5707963267948966,150.0,0.0,6.566116260882444,15.571428571428571,2.0129495496439502,150.0,0.0,10.021996475935808
523.0,0.0,8.0,-1.5707963267948966,150.0,40.0,6.566116260882444,15.571428571428571,2.0129495496439502,150.0,40.0,10.021996475935808
524.0,0.0,8.0,-1.5707963267948966,150.0,80.0,6.566116260882444,15.571428571428571,2.0129495496439502,150.0,80.0,10.021996475935808
525.0,0.0,6.0,-1.5707963267948966,-150.0,-80.0,6.025072087818177,16.714285714285715,1.403417737922285,-150.0,-80.0,12.292168727720615
526.0,0.0,6.0,-1.5707963267948966,-150.0,-40.0,6.025072087818177,16.714285714285715,1.403417737922285,-150.0,-40.0,12.292168727720615
527.0,0.0,6.0,-1.5707963267948966,-150.0,0.0,6.025072087818177,16.714285714285715,1.403417737922285,-150.0,0.0,12.292168727720615
528.0,0.0,6.0,-1.5707963267948966,-150.0,40.0,6.025072087818177,16.714285714285715,1.403417737922285,-150.0,40.0,12.292168727720615
529.0,0.0,6.0,-1.5707963267948966,-150.0,80.0,6.025072087818177,16.714285714285715,1.403417737922285,-150.0,80.0,12.292168727720615
530.0,0.0,6.0,-1.5707963267948966,-75.0,-80.0,6.025072087818177,16.714285714285715,1.403417737922285,-75.0,-80.0,12.292168727720615
531.0,0.0,6.0,-1.5707963267948966,-75.0,-40.0,6.025072087818177,16.714285714285715,1.403417737922285,-75.0,-40.0,12.292168727720615
532.0,0.0,6.0,-1.5707963267948966,-75.0,0.0,6.025072087818177,16.714285714285715,1.403417737922285,-75.0,0.0,12.292168727720615
533.0,0.0,6.0,-1.5707963267948966,-75.0,40.0,6.025072087818177,16.714285714285715,1.403417737922285,-75.0,40.0,12.292168727720615
534.0,0.0,6.0,-1.5707963267948966,-75.0,80.0,6.025072087818177,16.714285714285715,1.403417737922285,-75.0,80.0,12.292168727720615
535.0,0.0,6.0,-1.5707963267948966,0.0,-80.0,6.025072087818177,16.714285714285715,1.403417737922285,0.0,-80.0,12.292168727720615
536.0,0.0,6.0,-1.5707963267948966,0.0,-40.0,6.025072087818177,16.714285714285715,1.403417737922285,0.0,-40.0,12.292168727720615
537.0,0.0,6.0,-1.5707963267948966,0.0,0.0,6.025072087818177,16.714285714285715,1.403417737922285,0.0,0.0,12.292168727720615
538.0,0.0,6.0,-1.5707963267948966,0.0,40.0,6.025072087818177,16.714285714285715,1.403417737922285,0.0,40.0,12.292168727720615
539.0,0.0,6.0,-1.5707963267948966,0.0,80.0,6.025072087818177,16.714285714285715,1.403417737922285,0.0,80.0,12.292168727720615
540.0,0.0,6.0,-1.5707963267948966,75.0,-80.0,6.025072087818177,16.714285714285715,1.403417737922285,75.0,-80.0,12.292168727720615
541.0,0.0,6.0,-1.5707963267948966,75.0,-40.0,6.025072087818177,16.714285714285715,1.403417737922285,75.0,-40.0,12.292168727720615
542.0,0.0,6.0,-1.5707963267948966,75.0,0.0,6.025072087818177,16.714285714285715,1.403417737922285,75.0,0.0,12.292168727720615
543.0,0.0,6.0,-1.5707963267948966,75.0,40.0,6.025072087818177,16.714285714285715,1.403417737922285,75.0,40.0,12.292168727720615
544.0,0.0,6.0,-1.5707963267948966,75.0,80.0,6.025072087818177,16.714285714285715,1.403417737922285,75.0,80.0,12.292168727720615
545.0,0.0,6.0,-1.5707963267948966,150.0,-80.0,6.025072087818177,16.714285714285715,1.403417737922285,150.0,-80.0,12.292168727720615
546.0,0.0,6.0,-1.5707963267948966,150.0,-40.0,6.025072087818177,16.714285714285715,1.403417737922285,150.0,-40.0,12.292168727720615
547.0,0.0,6.0,-1.5707963267948966,150.0,0.0,6.025072087818177,16.714285714285715,1.403417737922285,150.0,0.0,12.292168727720615
548.0,0.0,6.0,-1.5707963267948966,150.0,40.0,6.025072087818177,16.714285714285715,1.403417737922285,150.0,40.0,12.292168727720615
549.0,0.0,6.0,-1.5707963267948966,150.0,80.0,6.025072087818177,16.714285714285715,1.403417737922285,150.0,80.0,12.292168727720615
550.0,0.0,4.0,-1.5707963267948966,-150.0,-80.0,6.21816851753197,17.857142857142858,0.970819665161123,-150.0,-80.0,15.188351716881296
551.0,0.0,4.0,-1.5707963267948966,-150.0,-40.0,6.21816851753197,17.857142857142858,0.970819665161123,-150.0,-40.0,15.188351716881296
552.0,0.0,4.0,-1.5707963267948966,-150.0,0.0,6.21816851753197,17.857142857142858,0.970819665161123,-150.0,0.0,15.188351716881296
553.0,0.0,4.0,-1.5707963267948966,-150.0,40.0,6.21816851753197,17.857142857142858,0.970819665161123,-150.0,40.0,15.188351716881296
554.0,0.0,4.0,-1.5707963267948966,-150.0,80.0,6.21816851753197,17.857142857142858,0.970819665161123,-150.0,80.0,15.188351716881296
555.0,0.0,4.0,-1.5707963267948966,-75.0,-80.0,6.21816851753197,17.857142857142858,0.970819665161123,-75.0,-80.0,15.188351716881296
556.0,0.0,4.0,-1.5707963267948966,-75.0,-40.0,6.21816851753197,17.857142857142858,0.970819665161123,-75.0,-40.0,15.188351716881296
557.0,0.0,4.0,-1.5707963267948966,-75.0,0.0,6.21816851753197,17.857142857142858,0.970819665161123,-75.0,0.0,15.188351716881296
558.0,0.0,4.0,-1.5707963267948966,-75.0,40.0,6.21816851753197,17.857142857142858,0.970819665161123,-75.0,40.0,15.188351716881296
559.0,0.0,4.0,-1.5707963267948966,-75.0,80.0,6.21816851753197,17.857142857142858,0.970819665161123,-75.0,80.0,15.188351716881296
560.0,0.0,4.0,-1.5707963267948966,0.0,-80.0,6.21816851753197,17.857142857142858,0.970819665161123,0.0,-80.0,15.188351716881296
561.0,0.0,4.0,-1.5707963267948966,0.0,-40.0,6.21816851753197,17.857142857142858,0.970819665161123,0.0,-40.0,15.188351716881296
562.0,0.0,4.0,-1.5707963267948966,0.0,0.0,6.21816851753197,17.857142857142858,0.970819665161123,0.0,0.0,15.188351716881296
563.0,0.0,4.0,-1.5707963267948966,0.0,40.0,6.21816851753197,17.857142857142858,0.970819665161123,0.0,40.0,15.188351716881296
564.0,0.0,4.0,-1.5707963267948966,0.0,80.0,6.21816851753197,17.857142857142858,0.970819665161123,0.0,80.0,15.188351716881296
565.0,0.0,4.0,-1.5707963267948966,75.0,-80.0,6.21816851753197,17.857142857142858,0.970819665161123,75.0,-80.0,15.188351716881296
566.0,0.0,4.0,-1.5707963267948966,75.0,-40.0,6.21816851753197,17.857142857142858,0.970819665161123,75.0,-40.0,15.188351716881296
567.0,0.0,4.0,-1.5707963267948966,75.0,0.0,6.21816851753197,17.857142857142858,0.970819665161123,75.0,0.0,15.188351716881296
568.0,0.0,4.0,-1.5707963267948966,75.0,40.0,6.21816851753197,17.857142857142858,0.970819665161123,75.0,40.0,15.188351716881296
569.0,0.0,4.0,-1.5707963267948966,75.0,80.0,6.21816851753197,17.857142857142858,0.970819665161123,75.0,80.0,15.188351716881296
570.0,0.0,4.0,-1.5707963267948966,150.0,-80.0,6.21816851753197,17.857142857142858,0.970819665161123,150.0,-80.0,15.188351716881296
571.0,0.0,4.0,-1.5707963267948966,150.0,-40.0,6.21816851753197,17.857142857142858,0.970819665161123,150.0,-40.0,15.188351716881296
572.0,0.0,4.0,-1.5707963267948966,150.0,0.0,6.21816851753197,17.857142857142858,0.970819665161123,150.0,0.0,15.188351716881296
573.0,0.0,4.0,-1.5707963267948966,150.0,40.0,6.21816851753197,17.857142857142858,0.970819665161123,150.0,40.0,15.188351716881296
574.0,0.0,4.0,-1.5707963267948966,150.0,80.0,6.21816851753197,17.857142857142858,0.970819665161123,150.0,80.0,15.188351716881296
575.0,0.0,2.0,-1.5707963267948966,-150.0,-80.0,6.999999999999998,19.0,0.970819665161123,-150.0,-80.0,18.384776310850235
576.0,0.0,2.0,-1.5707963267948966,-150.0,-40.0,6.999999999999998,19.0,0.970819665161123,-150.0,-40.0,18.384776310850235
577.0,0.0,2.0,-1.5707963267948966,-150.0,0.0,6.999999999999998,19.0,0.970819665161123,-150.0,0.0,18.384776310850235
578.0,0.0,2.0,-1.5707963267948966,-150.0,40.0,6.999999999999998,19.0,0.970819665161123,-150.0,40.0,18.384776310850235
579.0,0.0,2.0,-1.5707963267948966,-150.0,80.0,6.999999999999998,19.0,0.970819665161123,-150.0,80.0,18.384776310850235
580.0,0.0,2.0,-1.5707963267948966,-75.0,-80.0,6.999999999999998,19.0,0.970819665161123,-75.0,-80.0,18.384776310850235
581.0,0.0,2.0,-1.5707963267948966,-75.0,-40.0,6.999999999999998,19.0,0.970819665161123,-75.0,-40.0,18.384776310850235
582.0,0.0,2.0,-1.5707963267948966,-75.0,0.0,6.999999999999998,19.0,0.970819665161123,-75.0,0.0,18.384776310850235
583.0,0.0,2.0,-1.5707963267948966,-75.0,40.0,6.999999999999998,19.0,0.970819665161123,-75.0,40.0,18.384776310850235
584.0,0.0,2.0,-1.5707963267948966,-75.0,80.0,6.999999999999998,19.0,0.970819665161123,-75.0,80.0,18.384776310850235
585.0,0.0,2.0,-1.5707963267948966,0.0,-80.0,6.999999999999998,19.0,0.970819665161123,0.0,-80.0,18.384776310850235
586.0,0.0,2.0,-1.5707963267948966,0.0,-40.0,6.999999999999998,19.0,0.970819665161123,0.0,-40.0,18.384776310850235
587.0,0.0,2.0,-1.5707963267948966,0.0,0.0,6.999999999999998,19.0,0.970819665161123,0.0,0.0,18.384776310850235
588.0,0.0,2.0,-1.5707963267948966,0.0,40.0,6.999999999999998,19.0,0.970819665161123,0.0,40.0,18.384776310850235
589.0,0.0,2.0,-1.5707963267948966,0.0,80.0,6.999999999999998,19.0,0.970819665161123,0.0,80.0,18.384776310850235
590.0,0.0,2.0,-1.5707963267948966,75.0,-80.0,6.999999999999998,19.0,0.970819665161123,75.0,-80.0,18.384776310850235
591.0,0.0,2.0,-1.5707963267948966,75.0,-40.0,6.999999999999998,19.0,0.970819665161123,75.0,-40.0,18.384776310850235
592.0,0.0,2.0,-1.5707963267948966,75.0,0.0,6.999999999999998,19.0,0.970819665161123,75.0,0.0,18.384776310850235
593.0,0.0,2.0,-1.5707963267948966,75.0,40.0,6.999999999999998,19.0,0.970819665161123,75.0,40.0,18.384776310850235
594.0,0.0,2.0,-1.5707963267948966,75.0,80.0,6.999999999999998,19.0,0.970819665161123,75.0,80.0,18.384776310850235
595.0,0.0,2.0,-1.5707963267948966,150.0,-80.0,6.999999999999998,19.0,0.970819665161123,150.0,-80.0,18.384776310850235
596.0,0.0,2.0,-1.5707963267948966,150.0,-40.0,6.999999999999998,19.0,0.970819665161123,150.0,-40.0,18.384776310850235
597.0,0.0,2.0,-1.5707963267948966,150.0,0.0,6.999999999999998,19.0,0.970819665161123,150.0,0.0,18.384776310850235
598.0,0.0,2.0,-1.5707963267948966,150.0,40.0,6.999999999999998,19.0,0.970819665161123,150.0,40.0,18.384776310850235
599.0,0.0,2.0,-1.5707963267948966,150.0,80.0,6.999999999999998,19.0,0.970819665161123,150.0,80.0,18.384776310850235
600.0,0.0,0.0,-1.5707963267948966,-150.0,-80.0,6.999999999999998,19.0,0.0,-150.0,-80.0,20.248456731316587
601.0,0.0,0.0,-1.5707963267948966,-150.0,-40.0,6.999999999999998,19.0,0.0,-150.0,-40.0,20.248456731316587
602.0,0.0,0.0,-1.5707963267948966,-150.0,0.0,6.999999999999998,19.0,0.0,-150.0,0.0,20.248456731316587
603.0,0.0,0.0,-1.5707963267948966,-150.0,40.0,6.999999999999998,19.0,0.0,-150.0,40.0,20.248456731316587
604.0,0.0,0.0,-1.5707963267948966,-150.0,80.0,6.999999999999998,19.0,0.0,-150.0,80.0,20.248456731316587
605.0,0.0,0.0,-1.5707963267948966,-75.0,-80.0,6.999999999999998,19.0,0.0,-75.0,-80.0,20.248456731316587
606.0,0.0,0.0,-1.5707963267948966,-75.0,-40.0,6.999999999999998,19.0,0.0,-75.0,-40.0,20.248456731316587
607.0,0.0,0.0,-1.5707963267948966,-75.0,0.0,6.999999999999998,19.0,0.0,-75.0,0.0,20.248456731316587
608.0,0.0,0.0,-1.5707963267948966,-75.0,40.0,6.999999999999998,19.0,0.0,-75.0,40.0,20.248456731316587
609.0,0.0,0.0,-1.5707963267948966,-75.0,80.0,6.999999999999998,19.0,0.0,-75.0,80.0,20.248456731316587
610.0,0.0,0.0,-1.5707963267948966,0.0,-80.0,6.999999999999998,19.0,0.0,0.0,-80.0,20.248456731316587
611.0,0.0,0.0,-1.5707963267948966,0.0,-40.0,6.999999999999998,19.0,0.0,0.0,-40.0,20.248456731316587
612.0,0.0,0.0,-1.5707963267948966,0.0,0.0,6.999999999999998,19.0,0.0,0.0,0.0,20.248456731316587
613.0,0.0,0.0,-1.5707963267948966,0.0,40.0,6.999999999999998,19.0,0.0,0.0,40.0,20.248456731316587
614.0,0.0,0.0,-1.5707963267948966,0.0,80.0,6.999999999999998,19.0,0.0,0.0,80.0,20.248456731316587
615.0,0.0,0.0,-1.5707963267948966,75.0,-80.0,6.999999999999998,19.0,0.0,75.0,-80.0,20.248456731316587
616.0,0.0,0.0,-1.5707963267948966,75.0,-40.0,6.999999999999998,19.0,0.0,75.0,-40.0,20.248456731316587
617.0,0.0,0.0,-1.5707963267948966,75.0,0.0,6.999999999999998,19.0,0.0,75.0,0.0,20.248456731316587
618.0,0.0,0.0,-1.5707963267948966,75.0,40.0,6.999999999999998,19.0,0.0,75.0,40.0,20.248456731316587
619.0,0.0,0.0,-1.5707963267948966,75.0,80.0,6.999999999999998,19.0,0.0,75.0,80.0,20.248456731316587
620.0,0.0,0.0,-1.5707963267948966,150.0,-80.0,6.999999999999998,19.0,0.0,150.0,-80.0,20.248456731316587
621.0,0.0,0.0,-1.5707963267948966,150.0,-40.0,6.999999999999998,19.0,0.0,150.0,-40.0,20.248456731316587
622.0,0.0,0.0,-1.5707963267948966,150.0,0.0,6.999999999999998,19.0,0.0,150.0,0.0,20.248456731316587
623.0,0.0,0.0,-1.5707963267948966,150.0,40.0,6.999999999999998,19.0,0.0,150.0,40.0,20.248456731316587
624.0,0.0,0.0,-1.5707963267948966,150.0,80.0,6.999999999999998,19.0,0.0,150.0,80.0,20.248456731316587
